ward_name,category,complaints
Jnanabharathi Ward,Electrical,1392
Someshwara,Solid Waste (Garbage) Related,1173
Ullalu,Electrical,1063
Hemmigepura,Electrical,1029
Thanisandra,Solid Waste (Garbage) Related,1025
Rajarajeshwari Nagar,Electrical,1007
Dodda Bidarkallu,Electrical,1004
Jakkur,Electrical,982
Horamavu,Electrical,927
Uttarahalli,Electrical,894
Begur,Electrical,890
Gottigere,Solid Waste (Garbage) Related,866
Horamavu,Solid Waste (Garbage) Related,865
Thanisandra,Electrical,795
Herohalli,Electrical,767
Bellandur,Solid Waste (Garbage) Related,737
Vidyaranyapura,Electrical,701
Banaswadi,Solid Waste (Garbage) Related,700
Yelachenahalli,Solid Waste (Garbage) Related,697
Hoodi,Electrical,694
Jnanabharathi Ward,Solid Waste (Garbage) Related,690
Rajarajeshwari Nagar,Solid Waste (Garbage) Related,613
Vasanthapura,Electrical,606
Hemmigepura,Solid Waste (Garbage) Related,588
Hoodi,Solid Waste (Garbage) Related,578
Kottigepalya,Electrical,567
Giri Nagar,Solid Waste (Garbage) Related,556
Shettyhalli,Electrical,542
Singasandra,Electrical,539
Ramamurthy Nagar,Solid Waste (Garbage) Related,536
Kumaraswamy Layout,Solid Waste (Garbage) Related,529
Gottigere,Electrical,529
HSR Layout,Solid Waste (Garbage) Related,518
Kavalbyrasandra,Solid Waste (Garbage) Related,505
Manorayanapalya,Solid Waste (Garbage) Related,490
Byatarayanapura,Electrical,488
Horamavu,Road Maintenance(Engg),487
Padmanabha Nagar,Solid Waste (Garbage) Related,484
Jakkur,Solid Waste (Garbage) Related,477
Kottigepalya,Solid Waste (Garbage) Related,473
Kengeri,Electrical,467
Jayangar,Solid Waste (Garbage) Related,463
Basavanapura,Solid Waste (Garbage) Related,461
Banaswadi,Electrical,458
Ramamurthy Nagar,Electrical,458
Varthur,Solid Waste (Garbage) Related,456
BTM Layout,Electrical,456
HBR Layout,Electrical,455
Vignana Nagar,Solid Waste (Garbage) Related,450
Someshwara,Electrical,419
Kodigehalli,Solid Waste (Garbage) Related,418
Doddanekkundi,Solid Waste (Garbage) Related,413
Vishwanathnagenahalli,Solid Waste (Garbage) Related,410
Chikpete,Solid Waste (Garbage) Related,392
Benniganahalli,Solid Waste (Garbage) Related,391
Kuvempu Nagar,Electrical,389
Begur,Solid Waste (Garbage) Related,384
Uttarahalli,Solid Waste (Garbage) Related,371
Vasanthapura,Solid Waste (Garbage) Related,365
Begur,Road Maintenance(Engg),363
Bagalagunte,Electrical,363
Ullalu,Solid Waste (Garbage) Related,346
Kuvempu Nagar,Solid Waste (Garbage) Related,344
Vidyaranyapura,Solid Waste (Garbage) Related,340
Konanakunte,Electrical,335
K.R.Puram,Solid Waste (Garbage) Related,333
Kadugondanahalli,Solid Waste (Garbage) Related,328
Kodigehalli,Electrical,325
Jakkur,Road Maintenance(Engg),325
Hampi Nagar,Electrical,320
Kempegowda Ward,Electrical,319
Hagadooru,Solid Waste (Garbage) Related,314
Konanakunte,Solid Waste (Garbage) Related,313
Anjanapur,Electrical,310
Kavalbyrasandra,Electrical,308
Byatarayanapura,Solid Waste (Garbage) Related,301
Doddanekkundi,Road Maintenance(Engg),299
Attiguppe,Solid Waste (Garbage) Related,299
Hoysala Nagar,Electrical,297
Varthur,Electrical,296
Uttarahalli,Road Maintenance(Engg),294
Sanjay Nagar,Electrical,291
Arakere,Solid Waste (Garbage) Related,291
HSR Layout,Electrical,288
Yelachenahalli,Electrical,286
Basavanapura,Electrical,285
Arakere,Electrical,283
HBR Layout,Solid Waste (Garbage) Related,283
Pattabhiram Nagar,Solid Waste (Garbage) Related,283
Visvesvarapuram,Solid Waste (Garbage) Related,282
Thanisandra,Road Maintenance(Engg),279
Vijay Nagar,Electrical,278
Bilekahalli,Electrical,277
Bellandur,Road Infrastructure,277
Bellandur,Road Maintenance(Engg),276
J.P.Nagar,Electrical,273
Giri Nagar,Electrical,273
Doddanekkundi,Electrical,272
BTM Layout,Solid Waste (Garbage) Related,272
Vidyapeetha,Electrical,271
Maruthi Seva Nagar,Solid Waste (Garbage) Related,271
Dodda Bidarkallu,Solid Waste (Garbage) Related,270
Bellandur,Electrical,269
Varthur,Road Maintenance(Engg),264
Katriguppe,Solid Waste (Garbage) Related,262
Bommanahalli,Electrical,262
Hoysala Nagar,Solid Waste (Garbage) Related,259
Herohalli,Solid Waste (Garbage) Related,258
Vasanthapura,Road Maintenance(Engg),257
Malleshwaram,Electrical,254
Vidyapeetha,Solid Waste (Garbage) Related,247
Horamavu,veterinary,244
Banashankari Temple Ward,Solid Waste (Garbage) Related,241
Singasandra,Solid Waste (Garbage) Related,240
Shanthala Nagar,Solid Waste (Garbage) Related,237
Vishwanathnagenahalli,Electrical,235
Kodigehalli,Road Maintenance(Engg),234
Doddabommasandra,Electrical,233
Shanthala Nagar,Electrical,232
Anjanapur,Solid Waste (Garbage) Related,231
Hoodi,Road Maintenance(Engg),229
HBR Layout,Road Maintenance(Engg),229
Laggere,Electrical,226
Yelahanka old Satellite Town,Electrical,225
Jnanabharathi Ward,Road Maintenance(Engg),222
Nagavara,Electrical,220
Nagapura,Electrical,220
Sarakki,Solid Waste (Garbage) Related,219
Basavanagudi,Electrical,218
Kadugodi,Solid Waste (Garbage) Related,216
Singasandra,Road Maintenance(Engg),215
Rajarajeshwari Nagar,Road Maintenance(Engg),214
HSR Layout,Road Maintenance(Engg),213
Someshwara,Road Maintenance(Engg),212
Jogupalya,Solid Waste (Garbage) Related,211
Jagajeevanram Nagar,Solid Waste (Garbage) Related,210
Jakkur,veterinary,210
Shettyhalli,Solid Waste (Garbage) Related,208
Hegganahalli,Electrical,207
Sarakki,Electrical,206
Hombegowda Nagar,Solid Waste (Garbage) Related,206
Kacharakanahalli,Solid Waste (Garbage) Related,204
Chokkasandra,Electrical,202
Hemmigepura,E khata / Khata services,200
Kempegowda Ward,Solid Waste (Garbage) Related,198
Radhakrishna Temple,Electrical,197
Benniganahalli,Electrical,197
Dodda Bidarkallu,Road Maintenance(Engg),196
Mangammanapalya,Electrical,195
Subedarapalya,Electrical,195
Vijanapura,Electrical,190
Jayanagar East,Electrical,189
Madiwala,Electrical,188
J.P.Nagar,Solid Waste (Garbage) Related,188
Attiguppe,Electrical,188
Kumaraswamy Layout,Electrical,187
Hosakerehalli,Electrical,187
Hagadooru,Road Maintenance(Engg),185
Dr.Rajkumar Ward,Solid Waste (Garbage) Related,185
K.R.Puram,Electrical,185
Jnanabharathi Ward,veterinary,185
Vignana Nagar,Electrical,184
Newthippasandra,Electrical,183
Kadugodi,Electrical,182
Bagalagunte,Solid Waste (Garbage) Related,181
Chikpete,Electrical,181
Byrasandra,Solid Waste (Garbage) Related,180
Begur,veterinary,180
Rajagopala Nagar,Electrical,180
Garudacharpalya,Solid Waste (Garbage) Related,179
Hagadooru,Road Infrastructure,179
Padmanabha Nagar,Electrical,178
Peenya Industrial Area,Electrical,177
Shakambari Nagar,Solid Waste (Garbage) Related,174
Sagayapuram,Solid Waste (Garbage) Related,173
Sunkenahalli,Solid Waste (Garbage) Related,173
Newthippasandra,Solid Waste (Garbage) Related,172
Marathalli,Electrical,172
Kengeri,Solid Waste (Garbage) Related,172
Katriguppe,Electrical,171
Begur,E khata / Khata services,170
Ganeshmandira Ward,Solid Waste (Garbage) Related,170
C.V.Raman Nagar,Electrical,169
Bellandur,veterinary,167
Banaswadi,Forest,166
Sri Nagar,Electrical,166
HSR Layout,veterinary,166
Jeevanbhima Nagar,Solid Waste (Garbage) Related,165
Hosahalli,Electrical,165
Konanakunte,Road Maintenance(Engg),165
Visvesvarapuram,Electrical,164
Peenya Industrial Area,Solid Waste (Garbage) Related,163
Rajaji Nagar,Electrical,163
Hagadooru,Electrical,162
Jayangar,Electrical,161
Basavanapura,Road Maintenance(Engg),161
Ramamurthy Nagar,Road Maintenance(Engg),161
Sunkenahalli,Electrical,159
Hebbal,Electrical,158
K.R.Market,Solid Waste (Garbage) Related,157
Pattabhiram Nagar,Electrical,155
Ganeshmandira Ward,Electrical,155
Rajarajeshwari Nagar,Forest,153
Hombegowda Nagar,Electrical,152
Siddapura,Solid Waste (Garbage) Related,150
Bilekahalli,Road Maintenance(Engg),148
Hemmigepura,veterinary,148
Yelahanka old Satellite Town,Solid Waste (Garbage) Related,148
Pulikeshi Nagar,Solid Waste (Garbage) Related,148
Bilekahalli,Solid Waste (Garbage) Related,147
Ejipura,Solid Waste (Garbage) Related,146
Gottigere,Road Maintenance(Engg),146
Muneshwara Nagar,Solid Waste (Garbage) Related,146
Varthur,E khata / Khata services,146
Bellandur,Health Dept,146
Garudacharpalya,Electrical,145
Kammanahalli,Electrical,145
Mangammanapalya,Road Maintenance(Engg),145
Hebbal,Road Maintenance(Engg),144
Koramangala,Electrical,144
Rajarajeshwari Nagar,veterinary,143
C.V.Raman Nagar,Solid Waste (Garbage) Related,143
Hemmigepura,Road Maintenance(Engg),142
Arakere,Road Maintenance(Engg),141
A.Narayanapura,Solid Waste (Garbage) Related,141
Sarvagna Nagar,Solid Waste (Garbage) Related,141
Hongasandra,Electrical,139
Vannarpet,Solid Waste (Garbage) Related,139
Horamavu,E khata / Khata services,139
Chikpete,Road Maintenance(Engg),138
K.R.Puram,Road Maintenance(Engg),137
Sampangiram Nagar,Solid Waste (Garbage) Related,137
Bellandur,E khata / Khata services,137
Gandhi Nagar,Electrical,136
Shankaramata,Electrical,136
Mathikere,Electrical,135
Mahalakshmipuram,Electrical,135
Kottigepalya,Road Maintenance(Engg),134
Dharmarayaswamy Temple Ward,Solid Waste (Garbage) Related,134
Bapuji Nagar,Electrical,133
Kempapura Agrahara,Electrical,133
Chowdeshwari Ward,Electrical,133
Manorayanapalya,Electrical,132
Sagayapuram,veterinary,132
Laggere,Solid Waste (Garbage) Related,131
Subramanya Nagar,Electrical,130
Radhakrishna Temple,Solid Waste (Garbage) Related,130
T-Dasarahalli,Electrical,130
Sunkenahalli,Road Maintenance(Engg),130
Aramane Nagar,Electrical,129
Shakambari Nagar,Electrical,129
Puttenahalli,Solid Waste (Garbage) Related,129
Vignana Nagar,Road Maintenance(Engg),128
Konena Agrahara,Solid Waste (Garbage) Related,128
Byatarayanapura,Road Maintenance(Engg),128
Ramamurthy Nagar,veterinary,127
Nandini Layout,Electrical,127
Maruthi Seva Nagar,Electrical,126
Shakthiganapathi Nagar,Electrical,126
Vijanapura,Solid Waste (Garbage) Related,126
Hebbal,Solid Waste (Garbage) Related,125
Shiva Nagar,Electrical,125
Sudduguntepalya,Electrical,124
Mangammanapalya,Solid Waste (Garbage) Related,124
K.R.Puram,veterinary,123
Hoodi,E khata / Khata services,123
Nagapura,Solid Waste (Garbage) Related,123
Basavanagudi,Solid Waste (Garbage) Related,122
Bharathi Nagar,Solid Waste (Garbage) Related,122
Sampangiram Nagar,Electrical,122
Shanthala Nagar,Road Infrastructure,121
Shanthi Nagar,Electrical,120
Kacharakanahalli,Electrical,120
Hampi Nagar,Solid Waste (Garbage) Related,120
Kushal Nagar,Solid Waste (Garbage) Related,119
Dharmarayaswamy Temple Ward,Electrical,118
Byrasandra,Electrical,117
Jogupalya,Electrical,117
HSR Layout,Forest,117
Doddanekkundi,E khata / Khata services,117
Jeevanbhima Nagar,Electrical,117
Puttenahalli,Electrical,116
Hagadooru,E khata / Khata services,116
Ullalu,veterinary,116
Jnanabharathi Ward,Forest,115
HAL Airport,Solid Waste (Garbage) Related,114
Chamrajpet,Electrical,114
Chikkalasandra,Electrical,113
Vidyaranyapura,Forest,112
Nandini Layout,Solid Waste (Garbage) Related,110
Herohalli,Road Maintenance(Engg),110
Kadugodi,Road Maintenance(Engg),110
Jayanagar East,Solid Waste (Garbage) Related,109
Ganga Nagar,Electrical,108
Uttarahalli,veterinary,108
Kuvempu Nagar,Road Maintenance(Engg),107
Garudacharpalya,Road Maintenance(Engg),107
Hanumantha Nagar,Solid Waste (Garbage) Related,107
Varthur,veterinary,106
Sanjay Nagar,Forest,106
Bapuji Nagar,Solid Waste (Garbage) Related,105
Nagavara,Solid Waste (Garbage) Related,104
Maruthi Mandira Ward,Solid Waste (Garbage) Related,104
Rajamahal,Electrical,103
Marathalli,Solid Waste (Garbage) Related,103
Herohalli,veterinary,102
Dodda Bidarkallu,veterinary,102
Begur,Forest,101
Jaraganahalli,Electrical,101
Domlur,Electrical,100
Yeshwanthpur,Electrical,100
Benniganahalli,Road Maintenance(Engg),100
Sarvagna Nagar,Electrical,100
Doddanekkundi,veterinary,100
Jayachamarajendra Nagar,Electrical,100
Kottigepalya,Forest,99
Shivaji Nagar,Electrical,99
Lingarajapuram,Electrical,99
Horamavu,Forest,99
Thanisandra,veterinary,99
Gayathri Nagar,Electrical,99
H.M.T,Solid Waste (Garbage) Related,98
Singasandra,veterinary,97
Hoodi,veterinary,96
Hemmigepura,Forest,96
C.V.Raman Nagar,Road Maintenance(Engg),96
Ullalu,Forest,96
Hanumantha Nagar,Electrical,95
Doddanekkundi,Health Dept,95
Kadugondanahalli,Electrical,95
Ullalu,Road Maintenance(Engg),95
Mallasandra,Electrical,95
Sudam Nagar,Road Maintenance(Engg),95
Basaveshwara Nagar,Electrical,95
Ulsoor,Electrical,94
Hongasandra,Solid Waste (Garbage) Related,94
Aramane Nagar,Solid Waste (Garbage) Related,94
Kamakshipalya,Electrical,94
Sanjay Nagar,Solid Waste (Garbage) Related,94
Sudam Nagar,Electrical,93
Jayachamarajendra Nagar,Solid Waste (Garbage) Related,93
Sri Rammandira,Solid Waste (Garbage) Related,93
Dodda Bidarkallu,E khata / Khata services,93
Chokkasandra,Solid Waste (Garbage) Related,93
Kaveripura,Solid Waste (Garbage) Related,92
Lingarajapuram,Solid Waste (Garbage) Related,92
Arakere,veterinary,92
Madiwala,Solid Waste (Garbage) Related,92
Hegganahalli,Solid Waste (Garbage) Related,92
Koramangala,Solid Waste (Garbage) Related,92
Varthur,Storm  Water Drain(SWD),91
A.Narayanapura,Electrical,91
Kempegowda Ward,Road Maintenance(Engg),91
Banaswadi,Road Maintenance(Engg),91
Sri Rammandira,Electrical,91
Gottigere,E khata / Khata services,91
Gandhi Nagar,Road Maintenance(Engg),90
Dharmarayaswamy Temple Ward,Road Maintenance(Engg),90
Basavanagudi,Road Maintenance(Engg),90
Vannarpet,Electrical,89
Someshwara,Forest,89
Kengeri,veterinary,89
Anjanapur,Road Maintenance(Engg),88
Vidyaranyapura,veterinary,88
J.P.Park,Electrical,88
Byatarayanapura,Forest,87
Pattabhiram Nagar,Road Maintenance(Engg),87
Pulikeshi Nagar,Electrical,87
Yadiyuru,Electrical,87
Gali Anjaneya Swamy Temple Ward,Electrical,87
Benniganahalli,Forest,87
Uttarahalli,Forest,87
Gandhi Nagar,Solid Waste (Garbage) Related,87
Malleshwaram,Solid Waste (Garbage) Related,87
Kottigepalya,veterinary,87
Shanthi Nagar,Solid Waste (Garbage) Related,86
Marathalli,Road Maintenance(Engg),86
Vignana Nagar,veterinary,85
Vasanth Nagar,Solid Waste (Garbage) Related,85
Ganga Nagar,Solid Waste (Garbage) Related,85
Koramangala,Road Maintenance(Engg),85
Deepanjali Nagar,Electrical,85
Lakkasandra,Electrical,85
Devasandra,Solid Waste (Garbage) Related,85
Chikkalasandra,Solid Waste (Garbage) Related,84
Lakkasandra,Solid Waste (Garbage) Related,83
Basavanapura,veterinary,83
Jakkasandra,Solid Waste (Garbage) Related,83
Domlur,Solid Waste (Garbage) Related,82
Kammanahalli,Road Infrastructure,82
Shettyhalli,veterinary,82
Azad Nagar,Electrical,81
Vidyapeetha,Road Maintenance(Engg),81
Jakkur,E khata / Khata services,81
Bommanahalli,Road Maintenance(Engg),81
Jaraganahalli,Solid Waste (Garbage) Related,80
Azad Nagar,Solid Waste (Garbage) Related,80
Thanisandra,Forest,79
Dattathreya Temple,Electrical,79
Ejipura,Electrical,79
Agaram,Electrical,78
Bommanahalli,Solid Waste (Garbage) Related,78
Banaswadi,veterinary,78
Mahalakshmipuram,Solid Waste (Garbage) Related,77
Bagalagunte,Forest,77
Banashankari Temple Ward,Electrical,77
Vidyaranyapura,Road Maintenance(Engg),77
Banaswadi,Road Infrastructure,77
Konena Agrahara,Electrical,77
Kadugodi,veterinary,77
Kammanahalli,Solid Waste (Garbage) Related,77
Gurappanapalya,Solid Waste (Garbage) Related,76
Basavanapura,Health Dept,76
Chamrajpet,Solid Waste (Garbage) Related,76
Yelahanka old Satellite Town,Road Maintenance(Engg),76
Gurappanapalya,Electrical,76
HBR Layout,veterinary,75
Laggere,Road Maintenance(Engg),75
Chalavadipalya,Solid Waste (Garbage) Related,75
Maruthi Seva Nagar,Road Infrastructure,74
Kadugodi,Road Infrastructure,74
Gottigere,veterinary,73
Hagadooru,veterinary,73
Vasanthapura,veterinary,73
Padmanabha Nagar,Forest,73
Vasanth Nagar,Electrical,72
Rajamahal,Solid Waste (Garbage) Related,72
H.M.T,Electrical,72
Kengeri,Road Maintenance(Engg),72
Hongasandra,Road Maintenance(Engg),72
Horamavu,Road Infrastructure,72
Maruthi Seva Nagar,Road Maintenance(Engg),71
Anjanapur,veterinary,71
Singasandra,E khata / Khata services,71
Konanakunte,Forest,71
Uttarahalli,Health Dept,71
Hagadooru,Health Dept,71
Giri Nagar,Forest,71
Nagarabhavi,Solid Waste (Garbage) Related,70
Sri Rammandira,Road Maintenance(Engg),70
Shettyhalli,Forest,70
Ramamurthy Nagar,Others,70
A.Narayanapura,Road Maintenance(Engg),70
Yelachenahalli,Road Maintenance(Engg),69
Hoysala Nagar,Road Maintenance(Engg),69
Anjanapur,Forest,69
Vijanapura,Road Maintenance(Engg),69
J.P.Nagar,Others,69
Cottonpet,Solid Waste (Garbage) Related,69
Ullalu,E khata / Khata services,68
H.M.T,Road Maintenance(Engg),68
Vasanthapura,Forest,68
Koramangala,Forest,68
Shanthala Nagar,Road Maintenance(Engg),68
Bharathi Nagar,Road Maintenance(Engg),68
Jalahalli,Solid Waste (Garbage) Related,68
Shankaramata,Solid Waste (Garbage) Related,68
Bagalagunte,Road Maintenance(Engg),67
Basavanapura,E khata / Khata services,67
Puttenahalli,Road Maintenance(Engg),67
J.P.Park,Solid Waste (Garbage) Related,67
Uttarahalli,E khata / Khata services,67
Karisandra,Electrical,67
Yadiyuru,Solid Waste (Garbage) Related,67
Hoodi,Road Infrastructure,67
Pattabhiram Nagar,Forest,66
Gangenahalli,Electrical,66
Kacharakanahalli,Forest,66
Yeshwanthpur,Solid Waste (Garbage) Related,66
Kaveripura,Electrical,66
Rajagopala Nagar,Road Maintenance(Engg),66
Horamavu,Health Dept,66
Hoysala Nagar,Forest,66
Sampangiram Nagar,Road Infrastructure,65
Kushal Nagar,Electrical,65
Nagavara,Road Maintenance(Engg),65
Ramaswamy Palya,Electrical,65
J.P.Nagar,Forest,65
Ulsoor,Solid Waste (Garbage) Related,65
T-Dasarahalli,Solid Waste (Garbage) Related,65
Byatarayanapura,veterinary,65
Basaveshwara Nagar,Solid Waste (Garbage) Related,64
S.K.Garden,Electrical,64
Shakambari Nagar,Road Maintenance(Engg),64
Shettyhalli,Road Maintenance(Engg),64
Jogupalya,Road Maintenance(Engg),64
Kodigehalli,Forest,64
Attiguppe,Road Maintenance(Engg),64
Jakkasandra,Electrical,64
Mangammanapalya,veterinary,64
Basavanagudi,Forest,63
Sanjay Nagar,Road Maintenance(Engg),63
Someshwara,veterinary,63
Nagarabhavi,Electrical,63
Sarakki,Town Planning,62
Bilekahalli,Health Dept,62
Horamavu,Others,62
Ramamurthy Nagar,E khata / Khata services,62
J.P.Nagar,Road Maintenance(Engg),62
BTM Layout,Forest,62
Horamavu,Storm  Water Drain(SWD),62
Jakkur,Health Dept,62
Thanisandra,E khata / Khata services,62
Sri Nagar,Solid Waste (Garbage) Related,62
Kengeri,E khata / Khata services,62
Hemmigepura,Road Infrastructure,61
Hosahalli,Solid Waste (Garbage) Related,61
Gottigere,Forest,61
Sudduguntepalya,Road Maintenance(Engg),60
Rajarajeshwari Nagar,E khata / Khata services,60
Varthur,Road Infrastructure,60
Sudam Nagar,Solid Waste (Garbage) Related,60
Sarakki,Road Maintenance(Engg),60
Adugodi,Electrical,59
Vidyapeetha,Forest,59
Radhakrishna Temple,Road Maintenance(Engg),59
Marappana Palya,Electrical,58
Shivaji Nagar,Solid Waste (Garbage) Related,57
Subedarapalya,Solid Waste (Garbage) Related,57
Varthur,Health Dept,57
Sarvagna Nagar,Road Maintenance(Engg),57
BTM Layout,Road Maintenance(Engg),56
Rajagopala Nagar,Solid Waste (Garbage) Related,56
Jakkur,Forest,56
Kavalbyrasandra,Road Maintenance(Engg),56
Devasandra,Electrical,56
Konanakunte,veterinary,56
Newthippasandra,Road Maintenance(Engg),56
Arakere,E khata / Khata services,56
HSR Layout,Health Dept,56
Domlur,Road Maintenance(Engg),55
Vasanthapura,E khata / Khata services,55
Deepanjali Nagar,Solid Waste (Garbage) Related,55
Ganga Nagar,Road Maintenance(Engg),55
Marenahalli,Solid Waste (Garbage) Related,55
Newthippasandra,Forest,54
Herohalli,Forest,54
HAL Airport,Road Maintenance(Engg),54
Yelahanka old Satellite Town,Forest,54
Bellandur,Revenue Department,54
Kodigehalli,veterinary,54
BTM Layout,veterinary,54
S.K.Garden,Solid Waste (Garbage) Related,54
Someshwara,E khata / Khata services,54
Bharathi Nagar,Electrical,53
Jayamahal,Electrical,53
Garudacharpalya,Health Dept,53
Pulikeshi Nagar,Road Maintenance(Engg),53
Nagapura,Forest,53
HAL Airport,Electrical,53
Singasandra,Health Dept,53
A.Narayanapura,veterinary,52
Vignana Nagar,E khata / Khata services,52
Jeevanbhima Nagar,Road Maintenance(Engg),52
Shakambari Nagar,Forest,52
Kammanahalli,Health Dept,52
Kuvempu Nagar,Forest,52
Dattathreya Temple,Road Maintenance(Engg),52
Ramaswamy Palya,Solid Waste (Garbage) Related,52
Hoodi,Health Dept,52
Ganeshmandira Ward,Forest,52
Konena Agrahara,Road Maintenance(Engg),51
Govindraja Nagara,Electrical,51
Hosakerehalli,Solid Waste (Garbage) Related,51
Hampi Nagar,Forest,51
Siddapura,Electrical,51
Hombegowda Nagar,Others,51
Jagajeevanram Nagar,Electrical,50
Byrasandra,Road Maintenance(Engg),50
Binnipet,Solid Waste (Garbage) Related,50
Madiwala,Road Maintenance(Engg),50
Shettyhalli,E khata / Khata services,50
Begur,Revenue Department,50
Varthur,Revenue Department,49
Malleshwaram,Forest,49
Jayanagar East,Forest,49
Begur,Others,49
Kadugondanahalli,Road Maintenance(Engg),49
Singasandra,Forest,49
Bellandur,Forest,49
Mathikere,Solid Waste (Garbage) Related,49
Jayangar,Road Maintenance(Engg),49
Sampangiram Nagar,veterinary,49
Bilekahalli,veterinary,48
Gurappanapalya,Road Maintenance(Engg),48
Kavalbyrasandra,Forest,48
Nayandanahalli,Solid Waste (Garbage) Related,48
Kamakshipalya,Forest,48
C.V.Raman Nagar,veterinary,47
Sagayapuram,Road Maintenance(Engg),47
Puttenahalli,veterinary,47
Sampangiram Nagar,Road Maintenance(Engg),47
Doddabommasandra,Solid Waste (Garbage) Related,47
Chowdeshwari Ward,Solid Waste (Garbage) Related,47
Kuvempu Nagar,veterinary,47
Shakthiganapathi Nagar,Solid Waste (Garbage) Related,47
Kadugodi,Health Dept,46
Bommanahalli,veterinary,46
Vishwanathnagenahalli,Road Maintenance(Engg),46
Shanthi Nagar,Road Maintenance(Engg),46
Katriguppe,Forest,46
Bagalagunte,veterinary,46
Jnanabharathi Ward,E khata / Khata services,46
Jalahalli,Electrical,45
Jalahalli,veterinary,45
Lakshmidevi Nagar,Electrical,45
Kumaraswamy Layout,Forest,45
Prakash Nagar,Electrical,45
Vasanth Nagar,Forest,45
Vidyaranyapura,E khata / Khata services,45
Hegganahalli,Road Maintenance(Engg),45
Rajarajeshwari Nagar,Others,45
Vannarpet,Road Maintenance(Engg),45
Jayanagar East,Road Maintenance(Engg),45
Bellandur,Storm  Water Drain(SWD),45
Karisandra,Solid Waste (Garbage) Related,45
HBR Layout,Forest,45
Doddanekkundi,Road Infrastructure,45
Singasandra,Lakes,45
Padarayanapura,Electrical,44
Peenya Industrial Area,Forest,44
C.V.Raman Nagar,Health Dept,44
Nagarabhavi,Road Maintenance(Engg),44
Bilekahalli,Forest,44
Ganeshmandira Ward,Road Maintenance(Engg),44
Horamavu,Revenue Department,44
Chikkalasandra,Road Maintenance(Engg),44
Jnanabharathi Ward,Health Dept,44
Sri Rammandira,Forest,44
Shanthala Nagar,veterinary,44
Begur,Health Dept,44
Anjanapur,E khata / Khata services,43
Kengeri,Forest,43
Rajaji Nagar,Solid Waste (Garbage) Related,43
Gangenahalli,Solid Waste (Garbage) Related,43
Vijanapura,veterinary,43
Chikpete,veterinary,43
Rayapuram,Electrical,43
Govindraja Nagara,Solid Waste (Garbage) Related,43
Gali Anjaneya Swamy Temple Ward,Solid Waste (Garbage) Related,43
Kavalbyrasandra,veterinary,43
Katriguppe,Road Maintenance(Engg),43
Doddanekkundi,Storm  Water Drain(SWD),42
Attiguppe,Forest,42
Radhakrishna Temple,Forest,42
Padmanabha Nagar,Road Infrastructure,42
Attiguppe,veterinary,42
HSR Layout,E khata / Khata services,42
Aramane Nagar,Forest,41
Agrahara Dasarahalli,Solid Waste (Garbage) Related,41
Benniganahalli,veterinary,41
Devasandra,Road Maintenance(Engg),41
Manorayanapalya,Road Maintenance(Engg),41
Vrushabhavati Nagar,Electrical,41
Kadugodi,E khata / Khata services,41
Herohalli,E khata / Khata services,41
Newthippasandra,veterinary,40
Koramangala,Health Dept,40
Koramangala,veterinary,40
Gayathri Nagar,Solid Waste (Garbage) Related,40
Arakere,Health Dept,40
Begur,Road Infrastructure,40
Giri Nagar,Road Maintenance(Engg),40
Visvesvarapuram,Road Maintenance(Engg),40
Benniganahalli,Others,40
Mangammanapalya,E khata / Khata services,40
Basavanapura,Storm  Water Drain(SWD),39
Newthippasandra,Health Dept,39
Kempegowda Ward,veterinary,39
Arakere,Forest,39
Jakkur,Others,39
J.P.Park,Road Maintenance(Engg),39
Nagapura,Road Maintenance(Engg),39
Bellandur,Others,39
Yelahanka old Satellite Town,veterinary,39
Mangammanapalya,Markets,38
Sampangiram Nagar,Forest,38
Byatarayanapura,E khata / Khata services,38
Pulikeshi Nagar,Forest,38
Adugodi,Road Maintenance(Engg),38
Vignana Nagar,Health Dept,38
Hampi Nagar,Road Maintenance(Engg),38
Basaveshwara Nagar,Road Maintenance(Engg),38
Chikkalasandra,veterinary,37
Banaswadi,Health Dept,37
Sagayapuram,Electrical,37
Neelasandra,Electrical,37
Shakambari Nagar,veterinary,37
K.R.Market,Electrical,37
Jeevanbhima Nagar,Forest,36
Hongasandra,veterinary,36
Garudacharpalya,E khata / Khata services,36
Sudduguntepalya,Solid Waste (Garbage) Related,36
Dodda Bidarkallu,Forest,36
Domlur,Forest,36
Doddanekkundi,Revenue Department,36
Ramamurthy Nagar,Revenue Department,35
Dayananda Nagar,Electrical,35
Jakkur,Lakes,35
Sunkenahalli,Forest,35
Marathalli,veterinary,35
Vishwanathnagenahalli,Forest,35
HSR Layout,Others,35
Kottigepalya,Health Dept,35
Pulikeshi Nagar,veterinary,35
Padmanabha Nagar,veterinary,35
Sarakki,Forest,35
Hoodi,Revenue Department,35
HAL Airport,veterinary,35
Malleshwaram,Road Maintenance(Engg),34
Gottigere,Health Dept,34
Govindraja Nagara,Forest,34
Nagapura,veterinary,34
Vasanthapura,Health Dept,34
Kumaraswamy Layout,Road Maintenance(Engg),34
Shettyhalli,Road Infrastructure,34
Shanthi Nagar,veterinary,34
Hombegowda Nagar,Health Dept,34
Sampangiram Nagar,Information Technology,34
Rajarajeshwari Nagar,Health Dept,34
Basavanapura,Lakes,33
Shiva Nagar,Solid Waste (Garbage) Related,33
Hemmigepura,Others,33
Newthippasandra,Revenue Department,33
Jeevanbhima Nagar,veterinary,33
Kumaraswamy Layout,veterinary,33
Bilekahalli,E khata / Khata services,33
Sri Nagar,veterinary,33
Vishwanathnagenahalli,veterinary,33
Ulsoor,Road Maintenance(Engg),33
Rajaji Nagar,Road Maintenance(Engg),33
Marappana Palya,Solid Waste (Garbage) Related,33
Chamrajpet,Road Maintenance(Engg),33
Jakkur,Water Crisis,32
Jayangar,Forest,32
Yeshwanthpur,veterinary,32
Singasandra,Others,32
Byatarayanapura,Health Dept,32
Thanisandra,Health Dept,32
Byatarayanapura,Revenue Department,31
Hagadooru,Parks and Play grounds,31
K.R.Puram,E khata / Khata services,31
Nagarabhavi,veterinary,31
Sanjay Nagar,veterinary,31
Nandini Layout,veterinary,31
Doddabommasandra,Road Maintenance(Engg),31
Basavanagudi,veterinary,31
Yelachenahalli,Forest,31
Marenahalli,Electrical,31
Moodalapalya,Solid Waste (Garbage) Related,31
Ramamurthy Nagar,Forest,31
Lingarajapuram,Road Maintenance(Engg),31
Bagalagunte,E khata / Khata services,31
Marenahalli,Forest,31
Vijay Nagar,Solid Waste (Garbage) Related,31
Chokkasandra,veterinary,31
Cottonpet,Electrical,31
Agaram,Solid Waste (Garbage) Related,31
Visvesvarapuram,veterinary,30
Jalahalli,Road Maintenance(Engg),30
Subedarapalya,Road Maintenance(Engg),30
Thanisandra,Others,30
Ramamurthy Nagar,Road Infrastructure,30
Cottonpet,Road Maintenance(Engg),30
J.P.Park,veterinary,30
Madiwala,veterinary,30
Nandini Layout,Forest,30
Deepanjali Nagar,Road Maintenance(Engg),30
Devarajeevanahalli,Electrical,30
Vasanthapura,Estate,30
Basaveshwara Nagar,Forest,30
Devarajeevanahalli,Solid Waste (Garbage) Related,30
Pulikeshi Nagar,Others,30
Hosakerehalli,Road Maintenance(Engg),29
Jayachamarajendra Nagar,Road Maintenance(Engg),29
Pattabhiram Nagar,veterinary,29
Jakkur,Road Infrastructure,29
Katriguppe,veterinary,29
Sarakki,veterinary,29
Laggere,veterinary,29
Doddanekkundi,Forest,29
Jnanabharathi Ward,Revenue Department,29
Konanakunte,E khata / Khata services,29
Bommanahalli,E khata / Khata services,29
Ramamurthy Nagar,Storm  Water Drain(SWD),29
Shanthala Nagar,Forest,29
Adugodi,Solid Waste (Garbage) Related,29
Yelachenahalli,E khata / Khata services,29
Hampi Nagar,veterinary,29
Binnipet,Electrical,28
Shanthala Nagar,E khata / Khata services,28
Koramangala,Road Infrastructure,28
Rajaji Nagar,Forest,28
Ejipura,veterinary,28
Dattathreya Temple,Solid Waste (Garbage) Related,28
Jayamahal,Solid Waste (Garbage) Related,28
Hoysala Nagar,veterinary,28
Marappana Palya,Road Maintenance(Engg),28
Jaraganahalli,Road Maintenance(Engg),28
Ejipura,Forest,28
Chokkasandra,Forest,28
Govindraja Nagara,Road Maintenance(Engg),28
Vignana Nagar,Road Infrastructure,28
Gayathri Nagar,Road Maintenance(Engg),28
C.V.Raman Nagar,Forest,27
Mahalakshmipuram,Road Maintenance(Engg),27
Hombegowda Nagar,veterinary,27
Shiva Nagar,Forest,27
Hemmigepura,Revenue Department,27
Byrasandra,Forest,27
Kammanahalli,Road Maintenance(Engg),27
Kottigepalya,E khata / Khata services,27
Siddapura,Road Maintenance(Engg),27
Hombegowda Nagar,Road Maintenance(Engg),27
Someshwara,Health Dept,27
Neelasandra,Road Maintenance(Engg),27
Hosahalli,Road Maintenance(Engg),27
HBR Layout,E khata / Khata services,26
Jogupalya,Health Dept,26
H.M.T,Forest,26
Anjanapur,Others,26
Ganga Nagar,veterinary,26
Mathikere,veterinary,26
Hosakerehalli,Forest,26
Sarakki,E khata / Khata services,26
Benniganahalli,Health Dept,26
Jakkur,Revenue Department,26
Chowdeshwari Ward,veterinary,26
Giri Nagar,veterinary,26
Subramanya Nagar,Solid Waste (Garbage) Related,26
Sri Nagar,Forest,26
Someshwara,Others,26
Maruthi Mandira Ward,Electrical,26
Vidyapeetha,veterinary,25
Byatarayanapura,Others,25
Shanthi Nagar,Health Dept,25
Dodda Bidarkallu,Others,25
Dodda Bidarkallu,Health Dept,25
Yadiyuru,Road Maintenance(Engg),25
Mahalakshmipuram,veterinary,25
Mallasandra,Solid Waste (Garbage) Related,25
Giri Nagar,Road Infrastructure,25
Puttenahalli,Health Dept,25
Devarajeevanahalli,Road Maintenance(Engg),25
Arakere,Others,25
Moodalapalya,Electrical,25
Hagadooru,Storm  Water Drain(SWD),25
Laggere,Forest,25
Vannarpet,veterinary,25
Chikpete,Forest,25
Jayachamarajendra Nagar,Forest,25
Moodalapalya,Road Maintenance(Engg),25
Ramaswamy Palya,Forest,25
Benniganahalli,Storm  Water Drain(SWD),25
H.M.T,veterinary,25
Deepanjali Nagar,veterinary,25
C.V.Raman Nagar,Road Infrastructure,25
Vasanth Nagar,Road Infrastructure,25
Garudacharpalya,veterinary,25
Shiva Nagar,Road Maintenance(Engg),25
Kadugodi,Others,25
Kengeri,Road Infrastructure,25
Subedarapalya,Forest,25
Vasanth Nagar,veterinary,24
Vidyaranyapura,Health Dept,24
Kengeri,Revenue Department,24
K.R.Market,Road Maintenance(Engg),24
Visvesvarapuram,Forest,24
Sunkenahalli,veterinary,24
Vijay Nagar,veterinary,24
Rajarajeshwari Nagar,Road Infrastructure,24
Domlur,veterinary,24
Jakkasandra,veterinary,24
Dr.Rajkumar Ward,Road Maintenance(Engg),24
Ramamurthy Nagar,Health Dept,24
Konena Agrahara,E khata / Khata services,24
Banaswadi,Others,24
Uttarahalli,Others,24
Peenya Industrial Area,veterinary,24
Hanumantha Nagar,Road Maintenance(Engg),24
Yelachenahalli,veterinary,24
Jnanabharathi Ward,Advertisement,24
Sri Nagar,Road Maintenance(Engg),24
Shivaji Nagar,Road Maintenance(Engg),24
Kottigepalya,Parks and Play grounds,24
Arakere,Road Infrastructure,24
Ganeshmandira Ward,veterinary,24
BTM Layout,Health Dept,24
Mallasandra,Road Maintenance(Engg),23
Pattabhiram Nagar,Markets,23
HBR Layout,Storm  Water Drain(SWD),23
Vijay Nagar,Forest,23
HBR Layout,Others,23
Jeevanbhima Nagar,E khata / Khata services,23
Jnanabharathi Ward,Others,23
Rajagopala Nagar,veterinary,23
Ganga Nagar,Forest,23
Maruthi Seva Nagar,Forest,23
Ullalu,Parks and Play grounds,23
Rajamahal,Forest,23
Nagapura,Road Infrastructure,23
Uttarahalli,Sanitation,23
Marenahalli,Road Maintenance(Engg),23
Ejipura,Road Maintenance(Engg),23
Marathalli,E khata / Khata services,23
Chamrajpet,E khata / Khata services,23
Kacharakanahalli,veterinary,23
Bommanahalli,Health Dept,23
Nandini Layout,Road Maintenance(Engg),23
Hebbal,Forest,23
Maruthi Seva Nagar,Health Dept,22
Lingarajapuram,veterinary,22
Jeevanbhima Nagar,Health Dept,22
Aramane Nagar,Road Maintenance(Engg),22
Lakshmidevi Nagar,Road Maintenance(Engg),22
Rajaji Nagar,veterinary,22
Uttarahalli,Town Planning,22
Nagavara,Road Infrastructure,22
Nagavara,Storm  Water Drain(SWD),22
Vannarpet,Health Dept,22
Doddabommasandra,Forest,22
Konanakunte,Road Infrastructure,22
Ullalu,Health Dept,22
Kacharakanahalli,Road Maintenance(Engg),22
K.R.Market,E khata / Khata services,22
Banaswadi,Parks and Play grounds,22
Shanthala Nagar,Health Dept,22
Okalipuram,Electrical,22
Subhash Nagar,Electrical,22
Yelahanka old Satellite Town,E khata / Khata services,22
Gali Anjaneya Swamy Temple Ward,Road Maintenance(Engg),22
Dr.Rajkumar Ward,Electrical,21
Jakkur,Storm  Water Drain(SWD),21
Rajarajeshwari Nagar,Parks and Play grounds,21
Chamrajpet,veterinary,21
Puttenahalli,E khata / Khata services,21
Jnanabharathi Ward,Parks and Play grounds,21
Marappana Palya,Forest,21
J.P.Nagar,veterinary,21
Vidyaranyapura,Others,21
Hegganahalli,veterinary,21
Benniganahalli,Revenue Department,21
Ejipura,Health Dept,21
Hombegowda Nagar,Forest,21
Karisandra,Forest,21
Hagadooru,Forest,21
Hoysala Nagar,Health Dept,21
Shettyhalli,Others,21
Chamrajpet,Forest,21
Konanakunte,Health Dept,21
Neelasandra,Solid Waste (Garbage) Related,21
Kavalbyrasandra,Health Dept,21
Gandhi Nagar,Forest,20
K.R.Puram,Forest,20
Agrahara Dasarahalli,Road Maintenance(Engg),20
Chalavadipalya,Road Maintenance(Engg),20
Jayamahal,Road Infrastructure,20
Moodalapalya,veterinary,20
Subramanya Nagar,Road Maintenance(Engg),20
Mangammanapalya,Health Dept,20
HBR Layout,Health Dept,20
Bilekahalli,Others,20
Bagalagunte,Health Dept,20
Gandhi Nagar,Road Infrastructure,20
Jayangar,veterinary,20
Dr.Rajkumar Ward,Forest,20
Uttarahalli,Markets,20
Uttarahalli,Revenue Department,20
Hanumantha Nagar,veterinary,20
Kammanahalli,veterinary,20
T-Dasarahalli,veterinary,20
Thanisandra,Revenue Department,20
Hebbal,veterinary,20
Hemmigepura,Parks and Play grounds,20
Hemmigepura,Health Dept,20
Kempegowda Ward,Forest,20
Devasandra,veterinary,20
Kodigehalli,E khata / Khata services,20
Shanthi Nagar,Forest,20
Herohalli,Health Dept,20
Govindraja Nagara,veterinary,20
Manorayanapalya,veterinary,19
Hongasandra,E khata / Khata services,19
Vijay Nagar,Road Maintenance(Engg),19
Mahalakshmipuram,Forest,19
HSR Layout,Parks and Play grounds,19
Chokkasandra,Health Dept,19
Mathikere,Road Maintenance(Engg),19
Singasandra,Road Infrastructure,19
C.V.Raman Nagar,E khata / Khata services,19
Hoodi,Forest,19
Kadugondanahalli,veterinary,19
Nayandanahalli,Road Maintenance(Engg),19
Varthur,Forest,19
Dodda Bidarkallu,Water Crisis,19
Rayapuram,Solid Waste (Garbage) Related,19
Neelasandra,Health Dept,19
Basavanapura,Forest,19
Shankaramata,veterinary,19
J.P.Park,Forest,19
Sudduguntepalya,veterinary,19
Rajarajeshwari Nagar,Storm  Water Drain(SWD),19
Hoysala Nagar,Road Infrastructure,19
Shankaramata,E khata / Khata services,19
Doddanekkundi,Others,19
Bommanahalli,Forest,19
Chokkasandra,Road Maintenance(Engg),19
Aramane Nagar,E khata / Khata services,19
Kumaraswamy Layout,E khata / Khata services,19
Shakthiganapathi Nagar,Forest,19
Kamakshipalya,Solid Waste (Garbage) Related,19
Subedarapalya,Others,19
Banaswadi,E khata / Khata services,19
Hoodi,Others,19
Sampangiram Nagar,Health Dept,18
Ullalu,Others,18
Gayathri Nagar,Forest,18
Puttenahalli,Forest,18
Nagarabhavi,Forest,18
Sunkenahalli,Road Infrastructure,18
HAL Airport,Health Dept,18
Nayandanahalli,Electrical,18
Chamrajpet,Road Infrastructure,18
HSR Layout,Road Infrastructure,18
Attiguppe,Advertisement,18
Vidyaranyapura,Revenue Department,18
Yelahanka old Satellite Town,Health Dept,18
Vignana Nagar,Forest,18
Chokkasandra,E khata / Khata services,18
Shankaramata,Forest,18
Vrushabhavati Nagar,Solid Waste (Garbage) Related,18
Adugodi,Forest,18
Chikkalasandra,Forest,18
Dayananda Nagar,Solid Waste (Garbage) Related,18
Dharmarayaswamy Temple Ward,Health Dept,18
Konena Agrahara,Health Dept,18
Kadugodi,Revenue Department,18
Vignana Nagar,Others,18
Konena Agrahara,Forest,18
Chalavadipalya,Electrical,18
Yelachenahalli,Health Dept,17
BTM Layout,E khata / Khata services,17
Ulsoor,veterinary,17
Kempegowda Ward,E khata / Khata services,17
Gangenahalli,veterinary,17
Vannarpet,Forest,17
Hosahalli,Forest,17
Konena Agrahara,veterinary,17
Jaraganahalli,veterinary,17
Agaram,Forest,17
J.P.Nagar,Health Dept,17
Vasanth Nagar,Road Maintenance(Engg),17
HSR Layout,Revenue Department,17
Binnipet,Road Maintenance(Engg),17
BTM Layout,Others,17
Karisandra,Road Maintenance(Engg),17
Hongasandra,Health Dept,17
Kushal Nagar,Road Maintenance(Engg),17
Hanumantha Nagar,Forest,17
Kuvempu Nagar,Health Dept,17
K.R.Puram,Health Dept,17
Hegganahalli,Others,17
Hagadooru,Revenue Department,17
Gandhi Nagar,veterinary,17
Nagavara,veterinary,17
Jnanabharathi Ward,Town Planning,17
Sunkenahalli,E khata / Khata services,17
Pattabhiram Nagar,Health Dept,17
Pattabhiram Nagar,E khata / Khata services,17
C.V.Raman Nagar,Others,17
Ramaswamy Palya,veterinary,17
Basaveshwara Nagar,veterinary,17
Puttenahalli,Town Planning,16
Hagadooru,Others,16
Sarvagna Nagar,Forest,16
Gottigere,Others,16
Sudduguntepalya,Health Dept,16
Jayamahal,veterinary,16
Banashankari Temple Ward,Road Maintenance(Engg),16
Chikpete,Others,16
Hosakerehalli,veterinary,16
Chowdeshwari Ward,Forest,16
Yadiyuru,Forest,16
Hosahalli,veterinary,16
Kacharakanahalli,Road Infrastructure,16
Gayathri Nagar,veterinary,16
Horamavu,Lakes,16
Hegganahalli,Forest,16
Hoysala Nagar,E khata / Khata services,16
Kumaraswamy Layout,Road Infrastructure,16
Begur,Town Planning,16
Shankaramata,Road Maintenance(Engg),16
Bapuji Nagar,Road Maintenance(Engg),16
Bapuji Nagar,veterinary,16
Azad Nagar,Road Maintenance(Engg),16
Vijay Nagar,Advertisement,16
Kempegowda Ward,Health Dept,16
Govindraja Nagara,Advertisement,16
Subhash Nagar,Road Maintenance(Engg),16
Marathalli,Health Dept,16
Yeshwanthpur,Road Maintenance(Engg),16
Marenahalli,veterinary,15
Sampangiram Nagar,Others,15
Kengeri,Others,15
Rajamahal,Road Maintenance(Engg),15
Jakkasandra,Road Maintenance(Engg),15
Padarayanapura,Road Maintenance(Engg),15
Ulsoor,Forest,15
Kodigehalli,Others,15
Sanjay Nagar,E khata / Khata services,15
Azad Nagar,veterinary,15
Karisandra,veterinary,15
Okalipuram,Road Maintenance(Engg),15
Okalipuram,Solid Waste (Garbage) Related,15
Deepanjali Nagar,Forest,15
Visvesvarapuram,E khata / Khata services,15
Sagayapuram,Parks and Play grounds,15
Benniganahalli,Road Infrastructure,15
Maruthi Seva Nagar,E khata / Khata services,15
Jayamahal,Road Maintenance(Engg),15
Vidyapeetha,E khata / Khata services,15
Kuvempu Nagar,E khata / Khata services,15
Ramaswamy Palya,Road Maintenance(Engg),15
Prakash Nagar,Road Maintenance(Engg),15
Visvesvarapuram,Health Dept,15
Agrahara Dasarahalli,Health Dept,15
Muneshwara Nagar,Electrical,15
Jogupalya,veterinary,15
T-Dasarahalli,Road Maintenance(Engg),15
BTM Layout,Parks and Play grounds,15
Dharmarayaswamy Temple Ward,veterinary,15
Varthur,Others,15
K.R.Puram,Others,15
Hebbal,Health Dept,15
Dattathreya Temple,Health Dept,15
Rayapuram,Road Maintenance(Engg),15
A.Narayanapura,Health Dept,15
Vidyaranyapura,Storm  Water Drain(SWD),15
Shakthiganapathi Nagar,Road Maintenance(Engg),15
Shakthiganapathi Nagar,veterinary,15
Chowdeshwari Ward,Road Maintenance(Engg),15
Lingarajapuram,Health Dept,15
Madiwala,Others,15
Madiwala,Forest,15
Vrushabhavati Nagar,veterinary,15
Sarvagna Nagar,veterinary,15
Rajarajeshwari Nagar,Town Planning,15
Shivaji Nagar,veterinary,15
Aramane Nagar,Health Dept,15
Rajarajeshwari Nagar,Revenue Department,15
Sagayapuram,Health Dept,15
Padmanabha Nagar,Road Maintenance(Engg),15
Garudacharpalya,Road Infrastructure,14
Yelahanka old Satellite Town,Parks and Play grounds,14
Ejipura,E khata / Khata services,14
Padmanabha Nagar,E khata / Khata services,14
Shanthala Nagar,Others,14
Sampangiram Nagar,Advertisement,14
Dharmarayaswamy Temple Ward,Road Infrastructure,14
Singasandra,Revenue Department,14
Katriguppe,Advertisement,14
Ulsoor,Health Dept,14
Jakkur,Town Planning,14
Uttarahalli,Road Infrastructure,14
Herohalli,Revenue Department,14
Attiguppe,E khata / Khata services,14
Sri Rammandira,Road Infrastructure,14
Jayanagar East,veterinary,14
Chikpete,E khata / Khata services,14
Marathalli,Road Infrastructure,14
Shiva Nagar,Health Dept,14
Koramangala,Parks and Play grounds,14
Konanakunte,Others,14
Giri Nagar,Others,14
Jogupalya,Forest,14
Sri Rammandira,E khata / Khata services,14
Begur,Lakes,14
Domlur,Health Dept,14
Subramanya Nagar,veterinary,14
Manorayanapalya,Forest,14
Subramanya Nagar,Forest,14
Rajagopala Nagar,Forest,14
Jayamahal,Forest,14
Jaraganahalli,E khata / Khata services,14
Radhakrishna Temple,veterinary,14
Sri Rammandira,veterinary,14
Kadugodi,Forest,14
Thanisandra,Town Planning,14
Kacharakanahalli,Health Dept,14
K.R.Puram,Revenue Department,14
Peenya Industrial Area,Road Infrastructure,14
Peenya Industrial Area,Road Maintenance(Engg),14
Jayachamarajendra Nagar,veterinary,13
Malleshwaram,veterinary,13
Binnipet,veterinary,13
Rajagopala Nagar,Health Dept,13
Rajagopala Nagar,E khata / Khata services,13
Ullalu,Revenue Department,13
Vijanapura,Health Dept,13
Agaram,Road Infrastructure,13
Hoodi,Storm  Water Drain(SWD),13
Benniganahalli,E khata / Khata services,13
Someshwara,Revenue Department,13
Kaveripura,Road Maintenance(Engg),13
Herohalli,Road Infrastructure,13
Maruthi Mandira Ward,Forest,13
Chikpete,Town Planning,13
Vasanthapura,Others,13
Jaraganahalli,Health Dept,13
Shiva Nagar,Road Infrastructure,13
Shakambari Nagar,Road Infrastructure,13
Sri Rammandira,Town Planning,13
Nagapura,Health Dept,13
Jayangar,Health Dept,13
Bilekahalli,Parks and Play grounds,13
Gali Anjaneya Swamy Temple Ward,veterinary,13
HBR Layout,Revenue Department,13
Nagavara,Health Dept,13
Aramane Nagar,Others,13
Kammanahalli,Forest,13
Kempapura Agrahara,Solid Waste (Garbage) Related,13
Okalipuram,veterinary,13
Herohalli,Others,13
Marenahalli,E khata / Khata services,13
Padmanabha Nagar,Advertisement,13
Newthippasandra,E khata / Khata services,13
Herohalli,Parks and Play grounds,13
Benniganahalli,Markets,13
Ullalu,Town Planning,13
Attiguppe,Road Infrastructure,13
Kottigepalya,Storm  Water Drain(SWD),13
Varthur,Water Crisis,13
Peenya Industrial Area,Others,13
Visvesvarapuram,Markets,13
Hegganahalli,E khata / Khata services,13
Doddanekkundi,Advertisement,13
Kumaraswamy Layout,Parks and Play grounds,13
Bellandur,Advertisement,13
Vignana Nagar,Storm  Water Drain(SWD),13
Peenya Industrial Area,E khata / Khata services,13
Koramangala,Projects Central,13
Agaram,veterinary,12
C.V.Raman Nagar,Revenue Department,12
S.K.Garden,Road Maintenance(Engg),12
Jakkasandra,E khata / Khata services,12
Govindraja Nagara,E khata / Khata services,12
Mangammanapalya,Revenue Department,12
Shanthala Nagar,Sanitation,12
Padmanabha Nagar,Health Dept,12
Kempapura Agrahara,veterinary,12
Herohalli,Town Planning,12
Nayandanahalli,veterinary,12
Nayandanahalli,E khata / Khata services,12
Kodigehalli,Town Planning,12
Garudacharpalya,Revenue Department,12
Garudacharpalya,Others,12
Hemmigepura,Town Planning,12
Deepanjali Nagar,Road Infrastructure,12
Koramangala,Others,12
Kadugodi,Storm  Water Drain(SWD),12
S.K.Garden,Forest,12
Doddabommasandra,E khata / Khata services,12
Byatarayanapura,Road Infrastructure,12
Bellandur,Parks and Play grounds,12
Kottigepalya,Others,12
Kottigepalya,Advertisement,12
Sunkenahalli,Others,12
Sunkenahalli,Health Dept,12
Shettyhalli,Health Dept,12
Basavanapura,Road Infrastructure,12
Jnanabharathi Ward,Road Infrastructure,12
Jnanabharathi Ward,Storm  Water Drain(SWD),12
Cottonpet,veterinary,12
Prakash Nagar,Solid Waste (Garbage) Related,12
K.R.Market,veterinary,12
Doddabommasandra,veterinary,12
K.R.Puram,Road Infrastructure,12
Vasanth Nagar,Others,12
Agrahara Dasarahalli,Forest,12
Bagalagunte,Storm  Water Drain(SWD),12
Laggere,E khata / Khata services,12
Bagalagunte,Others,12
Gottigere,Revenue Department,12
Mallasandra,E khata / Khata services,12
Jeevanbhima Nagar,Others,12
Domlur,Others,12
Shivaji Nagar,Health Dept,12
Aramane Nagar,veterinary,12
Jayangar,E khata / Khata services,12
Shiva Nagar,veterinary,12
Puttenahalli,Revenue Department,12
Shakthiganapathi Nagar,Health Dept,12
Moodalapalya,Forest,12
Jagajeevanram Nagar,Road Maintenance(Engg),12
Begur,Storm  Water Drain(SWD),12
Mangammanapalya,Others,12
Mathikere,Forest,12
Binnipet,Forest,12
A.Narayanapura,Road Infrastructure,11
Katriguppe,E khata / Khata services,11
Hosahalli,Advertisement,11
Byrasandra,Others,11
Yadiyuru,E khata / Khata services,11
Uttarahalli,Parks and Play grounds,11
Dr.Rajkumar Ward,Advertisement,11
HBR Layout,Road Infrastructure,11
Maruthi Seva Nagar,veterinary,11
Sudam Nagar,Health Dept,11
Kaveripura,veterinary,11
Kacharakanahalli,E khata / Khata services,11
K.R.Puram,Advertisement,11
Padmanabha Nagar,Others,11
Agrahara Dasarahalli,veterinary,11
Basavanapura,Revenue Department,11
Hoodi,Advertisement,11
Uttarahalli,Lakes,11
Mallasandra,veterinary,11
Padarayanapura,Solid Waste (Garbage) Related,11
Anjanapur,Health Dept,11
Dr.Rajkumar Ward,veterinary,11
Giri Nagar,Parks and Play grounds,11
Maruthi Mandira Ward,Advertisement,11
H.M.T,E khata / Khata services,11
Gurappanapalya,veterinary,11
Basaveshwara Nagar,Health Dept,11
Vasanthapura,Road Infrastructure,11
Lakshmidevi Nagar,E khata / Khata services,11
Kodigehalli,Health Dept,11
Shanthala Nagar,Advertisement,11
Muneshwara Nagar,Road Maintenance(Engg),11
Hemmigepura,Storm  Water Drain(SWD),11
Garudacharpalya,Storm  Water Drain(SWD),11
Kengeri,Town Planning,11
Vasanth Nagar,Health Dept,11
Shanthala Nagar,Parks and Play grounds,11
Kengeri,Health Dept,11
Someshwara,Storm  Water Drain(SWD),11
Sri Rammandira,Health Dept,11
Newthippasandra,Others,11
Siddapura,Health Dept,11
BTM Layout,Projects Central,11
Nagavara,E khata / Khata services,11
Hegganahalli,Health Dept,11
Yadiyuru,veterinary,11
H.M.T,Road Infrastructure,11
Shakambari Nagar,Revenue Department,11
Padmanabha Nagar,Markets,10
Kavalbyrasandra,Others,10
Newthippasandra,Storm  Water Drain(SWD),10
Peenya Industrial Area,Storm  Water Drain(SWD),10
Kempapura Agrahara,Road Maintenance(Engg),10
Jalahalli,E khata / Khata services,10
Gottigere,Markets,10
Dharmarayaswamy Temple Ward,E khata / Khata services,10
Ulsoor,Others,10
Chokkasandra,Others,10
Kadugondanahalli,Water Crisis,10
Kamakshipalya,Road Maintenance(Engg),10
Maruthi Mandira Ward,Health Dept,10
Yelahanka old Satellite Town,Revenue Department,10
Ganeshmandira Ward,Road Infrastructure,10
Vishwanathnagenahalli,E khata / Khata services,10
Ramaswamy Palya,Health Dept,10
Gandhi Nagar,Health Dept,10
Kavalbyrasandra,E khata / Khata services,10
Aramane Nagar,Call Center,10
Mathikere,E khata / Khata services,10
Vrushabhavati Nagar,Road Maintenance(Engg),10
Vishwanathnagenahalli,Others,10
Sudam Nagar,Road Infrastructure,10
Rajaji Nagar,Road Infrastructure,10
Chokkasandra,Call Center,10
Lakkasandra,veterinary,10
Jayangar,Others,10
Nagapura,Advertisement,10
Nagapura,Others,10
Thanisandra,Sanitation,10
Chowdeshwari Ward,E khata / Khata services,10
Neelasandra,veterinary,10
Dayananda Nagar,Road Maintenance(Engg),10
Vasanthapura,Lakes,10
Horamavu,Property Tax services,10
Hemmigepura,Advertisement,10
Kodigehalli,Revenue Department,10
Pulikeshi Nagar,Road Infrastructure,10
Bellandur,Sanitation,10
Sunkenahalli,Markets,10
Sarakki,Road Infrastructure,10
Giri Nagar,Health Dept,10
T-Dasarahalli,Forest,10
Shivaji Nagar,Forest,10
Nagarabhavi,Advertisement,10
Banaswadi,Storm  Water Drain(SWD),10
Nayandanahalli,Forest,10
Koramangala,E khata / Khata services,10
Bellandur,Lakes,10
Gurappanapalya,E khata / Khata services,10
Marathalli,Advertisement,10
Shakambari Nagar,E khata / Khata services,10
Lakkasandra,Road Maintenance(Engg),10
Domlur,Road Infrastructure,10
Gali Anjaneya Swamy Temple Ward,E khata / Khata services,10
Jakkasandra,Forest,10
Rajarajeshwari Nagar,Advertisement,10
Maruthi Mandira Ward,Road Maintenance(Engg),9
Mangammanapalya,Road Infrastructure,9
Sagayapuram,Forest,9
Gurappanapalya,Health Dept,9
Kuvempu Nagar,Storm  Water Drain(SWD),9
Hampi Nagar,Health Dept,9
Agrahara Dasarahalli,Electrical,9
Hampi Nagar,E khata / Khata services,9
Kuvempu Nagar,Road Infrastructure,9
J.P.Park,E khata / Khata services,9
Yelahanka old Satellite Town,Others,9
H.M.T,Health Dept,9
Chikkalasandra,Health Dept,9
Marappana Palya,veterinary,9
Yadiyuru,Advertisement,9
Gandhi Nagar,Advertisement,9
Shiva Nagar,E khata / Khata services,9
Sarvagna Nagar,Others,9
Thanisandra,Storm  Water Drain(SWD),9
Thanisandra,Water Crisis,9
Kengeri,Parks and Play grounds,9
Laggere,Revenue Department,9
Deepanjali Nagar,Health Dept,9
Nandini Layout,Others,9
Kottigepalya,Road Infrastructure,9
Giri Nagar,E khata / Khata services,9
Nandini Layout,Health Dept,9
Chalavadipalya,Health Dept,9
Kottigepalya,Town Planning,9
Attiguppe,Health Dept,9
Dharmarayaswamy Temple Ward,Revenue Department,9
Kaveripura,Forest,9
Mangammanapalya,Forest,9
Sudduguntepalya,Others,9
HBR Layout,Town Planning,9
Varthur,Lakes,9
Vijanapura,Others,9
Singasandra,Storm  Water Drain(SWD),9
Peenya Industrial Area,Call Center,9
S.K.Garden,Health Dept,9
Yelahanka old Satellite Town,Storm  Water Drain(SWD),9
A.Narayanapura,Welfare Schemes,9
Banashankari Temple Ward,veterinary,9
Vignana Nagar,Revenue Department,9
Kadugondanahalli,Health Dept,9
Manorayanapalya,Others,9
Lakkasandra,Forest,9
Prakash Nagar,Forest,9
Shanthala Nagar,Revenue Department,9
Vidyapeetha,Parks and Play grounds,9
Radhakrishna Temple,Parks and Play grounds,9
Malleshwaram,Others,9
Malleshwaram,Health Dept,9
Malleshwaram,E khata / Khata services,9
Madiwala,Health Dept,9
Vasanthapura,Revenue Department,9
Lingarajapuram,Forest,9
Chowdeshwari Ward,Health Dept,9
Madiwala,E khata / Khata services,9
HSR Layout,Town Planning,9
Chamrajpet,Health Dept,9
Sudduguntepalya,Forest,9
Benniganahalli,Parks and Play grounds,9
Shettyhalli,Revenue Department,9
K.R.Puram,Storm  Water Drain(SWD),9
Siddapura,Others,9
Newthippasandra,Road Infrastructure,9
Sarakki,Parks and Play grounds,9
Shettyhalli,Storm  Water Drain(SWD),9
Basavanagudi,Road Infrastructure,9
Subedarapalya,veterinary,8
Arakere,Parks and Play grounds,8
Subhash Nagar,veterinary,8
Marenahalli,Others,8
Marathalli,Others,8
Vijanapura,E khata / Khata services,8
Pattabhiram Nagar,Parks and Play grounds,8
Shakambari Nagar,Health Dept,8
T-Dasarahalli,E khata / Khata services,8
Kushal Nagar,veterinary,8
Sunkenahalli,Revenue Department,8
Hampi Nagar,Indira Canteen,8
Chikkalasandra,Others,8
HAL Airport,Forest,8
HAL Airport,Road Infrastructure,8
Adugodi,Health Dept,8
Kengeri,Water Crisis,8
Chikkalasandra,E khata / Khata services,8
Nagapura,E khata / Khata services,8
Kuvempu Nagar,Revenue Department,8
Deepanjali Nagar,E khata / Khata services,8
Konena Agrahara,Storm  Water Drain(SWD),8
Hagadooru,Sanitation,8
Nagavara,Revenue Department,8
Banashankari Temple Ward,Forest,8
Jayamahal,Others,8
Jayamahal,Health Dept,8
Hombegowda Nagar,E khata / Khata services,8
Gangenahalli,Forest,8
Okalipuram,Health Dept,8
Someshwara,Road Infrastructure,8
Kempegowda Ward,Others,8
Agaram,Revenue Department,8
Sarvagna Nagar,Road Infrastructure,8
Bommanahalli,Others,8
Prakash Nagar,veterinary,8
Arakere,Town Planning,8
Madiwala,Revenue Department,8
Chowdeshwari Ward,Others,8
Lingarajapuram,E khata / Khata services,8
Jogupalya,Road Infrastructure,8
Hosakerehalli,Road Infrastructure,8
J.P.Nagar,E khata / Khata services,8
Hoysala Nagar,Storm  Water Drain(SWD),8
Doddanekkundi,Parks and Play grounds,8
Doddanekkundi,Lakes,8
Puttenahalli,Road Infrastructure,8
Sri Nagar,Health Dept,8
Jayanagar East,Markets,8
Hebbal,Others,8
Dayananda Nagar,veterinary,8
Kacharakanahalli,Others,8
Vijay Nagar,Health Dept,8
Basavanapura,Others,8
Kacharakanahalli,Storm  Water Drain(SWD),8
Newthippasandra,Parks and Play grounds,8
Ganga Nagar,Road Infrastructure,8
Govindraja Nagara,Revenue Department,8
Sarakki,Others,8
Mahalakshmipuram,Health Dept,8
Moodalapalya,Revenue Department,8
Malleshwaram,Road Infrastructure,8
Chokkasandra,Parks and Play grounds,8
Sudduguntepalya,E khata / Khata services,8
Siddapura,veterinary,8
K.R.Market,Others,8
Kavalbyrasandra,Road Infrastructure,8
Ulsoor,Road Infrastructure,8
Ganga Nagar,Advertisement,8
Byrasandra,Parks and Play grounds,8
Kadugodi,Traffic Engineer Cell (TEC),8
Dharmarayaswamy Temple Ward,Others,8
Sudam Nagar,Forest,8
Subramanya Nagar,Town Planning,8
Subramanya Nagar,Health Dept,8
Jalahalli,Others,8
HAL Airport,E khata / Khata services,8
Aramane Nagar,Advertisement,8
Azad Nagar,Forest,8
Byrasandra,Health Dept,8
Dodda Bidarkallu,Parks and Play grounds,8
Ganeshmandira Ward,Advertisement,8
Anjanapur,Revenue Department,8
Dodda Bidarkallu,Revenue Department,8
Ganeshmandira Ward,Parks and Play grounds,8
A.Narayanapura,Advertisement,8
A.Narayanapura,E khata / Khata services,8
A.Narayanapura,Others,8
Uttarahalli,Water Crisis,7
Ganeshmandira Ward,Others,7
Pattabhiram Nagar,Others,7
Shakambari Nagar,Advertisement,7
Yelachenahalli,Others,7
H.M.T,Advertisement,7
Subedarapalya,Health Dept,7
Marappana Palya,E khata / Khata services,7
Gottigere,Sanitation,7
Bilekahalli,Town Planning,7
Bilekahalli,Revenue Department,7
Chikpete,Road Infrastructure,7
Rajamahal,Health Dept,7
Arakere,Lakes,7
Chikpete,Health Dept,7
Byatarayanapura,Parks and Play grounds,7
Manorayanapalya,Health Dept,7
Govindraja Nagara,Health Dept,7
Sarakki,Health Dept,7
Mahalakshmipuram,E khata / Khata services,7
Jalahalli,Health Dept,7
Horamavu,Water Crisis,7
Hosahalli,Health Dept,7
Ganeshmandira Ward,E khata / Khata services,7
Binnipet,E khata / Khata services,7
Byrasandra,E khata / Khata services,7
Bapuji Nagar,Health Dept,7
Basavanagudi,Parks and Play grounds,7
Dr.Rajkumar Ward,Road Infrastructure,7
Hongasandra,Others,7
Jayanagar East,Others,7
Dharmarayaswamy Temple Ward,Forest,7
Banashankari Temple Ward,Health Dept,7
Byatarayanapura,Lakes,7
Konena Agrahara,Revenue Department,7
Banashankari Temple Ward,Advertisement,7
Kuvempu Nagar,Water Crisis,7
Dattathreya Temple,Forest,7
Gayathri Nagar,Others,7
Cottonpet,Health Dept,7
J.P.Nagar,Parks and Play grounds,7
Vignana Nagar,Lakes,7
Bharathi Nagar,Health Dept,7
Hoysala Nagar,Others,7
Nagarabhavi,E khata / Khata services,7
Nagarabhavi,Health Dept,7
Bharathi Nagar,veterinary,7
Bharathi Nagar,Forest,7
Giri Nagar,Revenue Department,7
C.V.Raman Nagar,Storm  Water Drain(SWD),7
Banashankari Temple Ward,E khata / Khata services,7
Okalipuram,Forest,7
Devasandra,E khata / Khata services,7
Devarajeevanahalli,veterinary,7
Vasanth Nagar,Advertisement,7
Prakash Nagar,Road Infrastructure,7
Agrahara Dasarahalli,Advertisement,7
Dodda Bidarkallu,Storm  Water Drain(SWD),7
Anjanapur,Parks and Play grounds,7
Dodda Bidarkallu,Road Infrastructure,7
Lakshmidevi Nagar,Solid Waste (Garbage) Related,7
Sampangiram Nagar,Revenue Department,7
Shankaramata,Health Dept,7
Uttarahalli,Storm  Water Drain(SWD),7
Sudduguntepalya,Road Infrastructure,7
Chowdeshwari Ward,Town Planning,7
Vasanthapura,Parks and Play grounds,7
Lakkasandra,Health Dept,7
Sudduguntepalya,Advertisement,7
Sudam Nagar,veterinary,7
Shanthi Nagar,Revenue Department,7
Kadugondanahalli,Forest,7
Nagavara,Traffic Engineer Cell (TEC),7
Hebbal,Parks and Play grounds,7
Hebbal,Road Infrastructure,7
Konena Agrahara,Others,7
Hebbal,Storm  Water Drain(SWD),7
J.P.Nagar,Revenue Department,7
Agaram,Road Maintenance(Engg),7
Kodigehalli,Storm  Water Drain(SWD),7
Visvesvarapuram,Others,7
Maruthi Mandira Ward,E khata / Khata services,7
Subhash Nagar,Solid Waste (Garbage) Related,7
Padmanabha Nagar,Sanitation,7
A.Narayanapura,Sanitation,7
Basaveshwara Nagar,Advertisement,7
Hoysala Nagar,Parks and Play grounds,7
Pulikeshi Nagar,Storm  Water Drain(SWD),7
Hosakerehalli,E khata / Khata services,7
Ullalu,Water Crisis,7
Sanjay Nagar,Health Dept,7
Sanjay Nagar,Others,7
Basaveshwara Nagar,E khata / Khata services,7
Jayangar,Road Infrastructure,7
Gandhi Nagar,Revenue Department,7
Pulikeshi Nagar,Health Dept,7
BTM Layout,Road Infrastructure,7
Kumaraswamy Layout,Others,7
Kumaraswamy Layout,Health Dept,7
Vasanthapura,Advertisement,7
Aramane Nagar,Road Infrastructure,7
Puttenahalli,Others,7
Devarajeevanahalli,E khata / Khata services,7
Vijanapura,Road Infrastructure,6
Mathikere,Health Dept,6
Shettyhalli,Water Crisis,6
Hoodi,Water Crisis,6
Shakthiganapathi Nagar,Others,6
H.M.T,Others,6
Agaram,Health Dept,6
Karisandra,Advertisement,6
Kammanahalli,E khata / Khata services,6
Kaveripura,E khata / Khata services,6
Ganga Nagar,Parks and Play grounds,6
Rajagopala Nagar,Others,6
Hongasandra,Storm  Water Drain(SWD),6
Bapuji Nagar,E khata / Khata services,6
Rajarajeshwari Nagar,Plastic,6
Mathikere,Others,6
Sri Rammandira,Parks and Play grounds,6
Katriguppe,Health Dept,6
Singasandra,Town Planning,6
Singasandra,Parks and Play grounds,6
Uttarahalli,Advertisement,6
Marenahalli,Advertisement,6
Doddabommasandra,Health Dept,6
Chikkalasandra,Road Infrastructure,6
Shakthiganapathi Nagar,E khata / Khata services,6
Marappana Palya,Health Dept,6
Ganga Nagar,Markets,6
Attiguppe,Indira Canteen,6
Basavanagudi,Health Dept,6
Chokkasandra,Revenue Department,6
Sudam Nagar,Advertisement,6
Subramanya Nagar,Road Infrastructure,6
Binnipet,Health Dept,6
Hagadooru,Advertisement,6
Sarvagna Nagar,Storm  Water Drain(SWD),6
Jayamahal,Parks and Play grounds,6
Jaraganahalli,Forest,6
Azad Nagar,E khata / Khata services,6
Dattathreya Temple,veterinary,6
Aramane Nagar,Parks and Play grounds,6
T-Dasarahalli,Health Dept,6
K.R.Market,Road Infrastructure,6
Radhakrishna Temple,Town Planning,6
Dodda Bidarkallu,Town Planning,6
Vasanth Nagar,Parks and Play grounds,6
Bharathi Nagar,Others,6
Bommanahalli,Town Planning,6
Kuvempu Nagar,Others,6
Dattathreya Temple,E khata / Khata services,6
K.R.Market,Health Dept,6
Bagalagunte,Parks and Play grounds,6
Domlur,E khata / Khata services,6
Sri Rammandira,Others,6
Lingarajapuram,Others,6
Mallasandra,Health Dept,6
Mallasandra,Forest,6
Karisandra,Road Infrastructure,6
Hombegowda Nagar,Road Infrastructure,6
Herohalli,Lakes,6
Padmanabha Nagar,Parks and Play grounds,6
Sunkenahalli,Advertisement,6
Lakkasandra,Road Infrastructure,6
Nagapura,Parks and Play grounds,6
Padarayanapura,E khata / Khata services,6
Nagapura,Revenue Department,6
Bellandur,Traffic Engineer Cell (TEC),6
Dattathreya Temple,Others,6
Hoysala Nagar,Advertisement,6
Sanjay Nagar,Revenue Department,6
Ullalu,Storm  Water Drain(SWD),6
Hosakerehalli,Others,6
Chalavadipalya,veterinary,6
Sri Rammandira,Advertisement,6
Banaswadi,Revenue Department,6
Vasanth Nagar,Revenue Department,6
C.V.Raman Nagar,Advertisement,6
Shanthi Nagar,Road Infrastructure,6
Nandini Layout,Parks and Play grounds,6
Begur,Advertisement,6
Koramangala,Storm  Water Drain(SWD),6
Sampangiram Nagar,Storm  Water Drain(SWD),6
Horamavu,Sanitation,6
Visvesvarapuram,Road Infrastructure,6
Hebbal,E khata / Khata services,6
Vishwanathnagenahalli,Storm  Water Drain(SWD),6
Neelasandra,Road Infrastructure,6
Newthippasandra,Advertisement,6
Kamakshipalya,veterinary,6
Herohalli,Advertisement,6
Maruthi Mandira Ward,veterinary,6
Marathalli,Storm  Water Drain(SWD),6
Jakkasandra,Health Dept,6
Jakkasandra,Road Infrastructure,6
Rajarajeshwari Nagar,Indira Canteen,6
Shakambari Nagar,Others,6
Shakambari Nagar,Parks and Play grounds,6
Marathalli,Forest,6
Vijanapura,Forest,5
Rayapuram,veterinary,5
Anjanapur,Road Infrastructure,5
Vannarpet,Parks and Play grounds,5
Marathalli,Traffic Engineer Cell (TEC),5
Marathalli,Revenue Department,5
Hebbal,Advertisement,5
Hegganahalli,Revenue Department,5
Byrasandra,veterinary,5
Gayathri Nagar,Road Infrastructure,5
Horamavu,Town Planning,5
Banashankari Temple Ward,Road Infrastructure,5
Vidyapeetha,Road Infrastructure,5
Kamakshipalya,Health Dept,5
Karisandra,Parks and Play grounds,5
Hoodi,Lakes,5
Jalahalli,Forest,5
Domlur,Storm  Water Drain(SWD),5
Sudduguntepalya,Indira Canteen,5
Malleshwaram,Revenue Department,5
HBR Layout,Property Tax services,5
Govindraja Nagara,Road Infrastructure,5
Gandhi Nagar,Sanitation,5
Gandhi Nagar,Others,5
J.P.Nagar,Road Infrastructure,5
J.P.Nagar,Advertisement,5
Pulikeshi Nagar,Revenue Department,5
Dattathreya Temple,Town Planning,5
Nayandanahalli,Health Dept,5
Ullalu,Lakes,5
Vidyaranyapura,Parks and Play grounds,5
Bapuji Nagar,Forest,5
Singasandra,Sanitation,5
Moodalapalya,E khata / Khata services,5
Sri Rammandira,Revenue Department,5
BTM Layout,Revenue Department,5
Chalavadipalya,Forest,5
Bommanahalli,Indira Canteen,5
Prakash Nagar,Health Dept,5
Okalipuram,Advertisement,5
Newthippasandra,Town Planning,5
Shankaramata,Revenue Department,5
Konena Agrahara,Road Infrastructure,5
Varthur,Advertisement,5
Attiguppe,Sanitation,5
Jaraganahalli,Advertisement,5
Jalahalli,Traffic Engineer Cell (TEC),5
Radhakrishna Temple,Storm  Water Drain(SWD),5
Vrushabhavati Nagar,Health Dept,5
Ramamurthy Nagar,Town Planning,5
Gandhi Nagar,Indira Canteen,5
Gandhi Nagar,E khata / Khata services,5
Kacharakanahalli,Parks and Play grounds,5
Byatarayanapura,Town Planning,5
Byatarayanapura,Storm  Water Drain(SWD),5
Katriguppe,Road Infrastructure,5
Gayathri Nagar,E khata / Khata services,5
Someshwara,Water Crisis,5
Someshwara,Town Planning,5
Okalipuram,E khata / Khata services,5
Jnanabharathi Ward,Sanitation,5
Aramane Nagar,Town Planning,5
Jayangar,Revenue Department,5
Jayangar,Advertisement,5
Nagapura,Town Planning,5
Radhakrishna Temple,Health Dept,5
Radhakrishna Temple,E khata / Khata services,5
Jayamahal,E khata / Khata services,5
Jayachamarajendra Nagar,Town Planning,5
Jayamahal,Storm  Water Drain(SWD),5
Jayangar,Parks and Play grounds,5
Chikkalasandra,Advertisement,5
T-Dasarahalli,Others,5
Cottonpet,E khata / Khata services,5
Hanumantha Nagar,Sanitation,5
Doddabommasandra,Water Crisis,5
Herohalli,Property Tax services,5
Vijay Nagar,E khata / Khata services,5
Shankaramata,Others,5
Lakshmidevi Nagar,Others,5
Garudacharpalya,Lakes,5
Shanthala Nagar,Storm  Water Drain(SWD),5
Kengeri,Storm  Water Drain(SWD),5
Padarayanapura,Health Dept,5
Kempapura Agrahara,Health Dept,5
Kavalbyrasandra,Revenue Department,5
Kavalbyrasandra,Parks and Play grounds,5
Prakash Nagar,Others,5
Kempegowda Ward,Storm  Water Drain(SWD),5
Kempegowda Ward,Road Infrastructure,5
Herohalli,Water Crisis,5
Visvesvarapuram,Town Planning,5
Varthur,Sanitation,5
Gali Anjaneya Swamy Temple Ward,Revenue Department,5
Vignana Nagar,Advertisement,5
Vidyaranyapura,Town Planning,5
Vidyaranyapura,Road Infrastructure,5
Bagalagunte,Town Planning,5
Gali Anjaneya Swamy Temple Ward,Forest,5
J.P.Park,Health Dept,5
Bommanahalli,Road Infrastructure,5
Yelahanka old Satellite Town,Road Infrastructure,5
Adugodi,veterinary,5
HAL Airport,Revenue Department,5
HAL Airport,Others,5
A.Narayanapura,Lakes,5
Begur,Sanitation,5
Begur,Property Tax services,5
Rajamahal,veterinary,5
Rajamahal,Others,5
Arakere,Markets,5
Jakkur,Advertisement,5
Jakkasandra,Others,5
A.Narayanapura,Forest,5
Gurappanapalya,Forest,5
Yeshwanthpur,Forest,4
Gurappanapalya,Others,4
Binnipet,Revenue Department,4
Maruthi Mandira Ward,Revenue Department,4
Subhash Nagar,Health Dept,4
Subramanya Nagar,E khata / Khata services,4
Kamakshipalya,Town Planning,4
Peenya Industrial Area,Health Dept,4
Padmanabha Nagar,Storm  Water Drain(SWD),4
Begur,Parks and Play grounds,4
HBR Layout,Sanitation,4
Yadiyuru,Health Dept,4
Yadiyuru,Others,4
Subhash Nagar,Forest,4
Ganeshmandira Ward,Health Dept,4
Agaram,E khata / Khata services,4
Ramamurthy Nagar,Sanitation,4
S.K.Garden,veterinary,4
Nagarabhavi,Others,4
Nagarabhavi,Revenue Department,4
Nagarabhavi,Town Planning,4
Bommanahalli,Revenue Department,4
Bharathi Nagar,Road Infrastructure,4
J.P.Park,Road Infrastructure,4
Bagalagunte,Road Infrastructure,4
Doddanekkundi,Projects Central,4
Bellandur,Estate,4
Agrahara Dasarahalli,E khata / Khata services,4
Hampi Nagar,Others,4
Gangenahalli,Health Dept,4
Devasandra,Revenue Department,4
Someshwara,Parks and Play grounds,4
Devasandra,Forest,4
Vasanth Nagar,E khata / Khata services,4
Sunkenahalli,Sanitation,4
Chamrajpet,Town Planning,4
Prakash Nagar,E khata / Khata services,4
Ulsoor,Revenue Department,4
Herohalli,Storm  Water Drain(SWD),4
Vishwanathnagenahalli,Health Dept,4
Jagajeevanram Nagar,Forest,4
Jagajeevanram Nagar,Health Dept,4
J.P.Nagar,Storm  Water Drain(SWD),4
J.P.Nagar,Town Planning,4
Lakshmidevi Nagar,Revenue Department,4
Lakshmidevi Nagar,veterinary,4
Laggere,Road Infrastructure,4
Lakkasandra,Revenue Department,4
Hagadooru,Lakes,4
Basavanapura,Parks and Play grounds,4
Vijay Nagar,Water Crisis,4
BTM Layout,Lakes,4
Jogupalya,Sanitation,4
Shankaramata,Parks and Play grounds,4
Sarvagna Nagar,E khata / Khata services,4
Sarvagna Nagar,Health Dept,4
Shivaji Nagar,Road Infrastructure,4
Shivaji Nagar,Storm  Water Drain(SWD),4
Banaswadi,Traffic Engineer Cell (TEC),4
Sri Nagar,E khata / Khata services,4
Gayathri Nagar,Health Dept,4
Kuvempu Nagar,Town Planning,4
Laggere,Others,4
T-Dasarahalli,Road Infrastructure,4
T-Dasarahalli,Town Planning,4
Nagavara,Others,4
Kottigepalya,Revenue Department,4
Kushal Nagar,E khata / Khata services,4
Kushal Nagar,Forest,4
Shakthiganapathi Nagar,Revenue Department,4
Sunkenahalli,Parks and Play grounds,4
Lakshmidevi Nagar,Health Dept,4
Domlur,Advertisement,4
Jayachamarajendra Nagar,E khata / Khata services,4
Radhakrishna Temple,Indira Canteen,4
Muneshwara Nagar,veterinary,4
Chamrajpet,Revenue Department,4
Vasanthapura,Call Center,4
Doddabommasandra,Storm  Water Drain(SWD),4
K.R.Market,Forest,4
Jogupalya,Advertisement,4
Kengeri,Sanitation,4
Konanakunte,Advertisement,4
Sri Nagar,Advertisement,4
Shivaji Nagar,Others,4
Shanthi Nagar,E khata / Khata services,4
Shanthi Nagar,Parks and Play grounds,4
Benniganahalli,Property Tax services,4
Katriguppe,Revenue Department,4
Katriguppe,Others,4
K.R.Puram,Lakes,4
Lingarajapuram,Storm  Water Drain(SWD),4
HSR Layout,Lakes,4
HSR Layout,Storm  Water Drain(SWD),4
Vrushabhavati Nagar,E khata / Khata services,4
Jayanagar East,Revenue Department,4
Jayanagar East,Road Infrastructure,4
Vidyapeetha,Health Dept,4
Attiguppe,Storm  Water Drain(SWD),4
Vijanapura,Storm  Water Drain(SWD),4
Kaveripura,Health Dept,4
Hongasandra,Markets,4
Benniganahalli,Traffic Engineer Cell (TEC),4
Shanthala Nagar,Town Planning,4
Shanthala Nagar,Call Center,4
Shanthala Nagar,Indira Canteen,4
Sampangiram Nagar,E khata / Khata services,4
Ulsoor,Advertisement,4
Ulsoor,E khata / Khata services,4
Pulikeshi Nagar,Advertisement,4
Pulikeshi Nagar,Parks and Play grounds,4
Nandini Layout,E khata / Khata services,4
Jayamahal,Revenue Department,4
Rajaji Nagar,Parks and Play grounds,4
Rajagopala Nagar,Parks and Play grounds,4
Basavanagudi,Others,4
Karisandra,E khata / Khata services,4
Bapuji Nagar,Storm  Water Drain(SWD),4
Basavanagudi,E khata / Khata services,4
Vannarpet,Road Infrastructure,4
Byatarayanapura,Traffic Engineer Cell (TEC),4
Rajarajeshwari Nagar,Sanitation,4
Rajaji Nagar,Advertisement,4
Kodigehalli,Water Crisis,4
Hebbal,Water Crisis,4
Konanakunte,Revenue Department,4
Nayandanahalli,Revenue Department,4
Bellandur,Property Tax services,4
Hoysala Nagar,Revenue Department,4
Gandhi Nagar,Town Planning,4
Doddabommasandra,Road Infrastructure,4
HBR Layout,Traffic Engineer Cell (TEC),4
Subramanya Nagar,Others,4
Subramanya Nagar,Parks and Play grounds,4
Mangammanapalya,Parks and Play grounds,4
Chokkasandra,Storm  Water Drain(SWD),4
Moodalapalya,Others,4
Maruthi Seva Nagar,Others,4
Rajagopala Nagar,Storm  Water Drain(SWD),4
Rajagopala Nagar,Traffic Engineer Cell (TEC),4
Yadiyuru,Revenue Department,4
Rajaji Nagar,E khata / Khata services,4
Jaraganahalli,Road Infrastructure,4
Attiguppe,Others,4
Attiguppe,Parks and Play grounds,4
Karisandra,Others,4
Gangenahalli,Road Infrastructure,4
Horamavu,Advertisement,4
Hongasandra,Forest,4
Ganga Nagar,E khata / Khata services,4
Rajaji Nagar,Others,4
Jalahalli,Road Infrastructure,4
Pattabhiram Nagar,Information Technology,4
Neelasandra,Others,4
Azad Nagar,Health Dept,4
Shettyhalli,Parks and Play grounds,4
Horamavu,Parks and Play grounds,4
Hosakerehalli,Advertisement,4
Hagadooru,Traffic Engineer Cell (TEC),4
Hanumantha Nagar,E khata / Khata services,4
Hegganahalli,Road Infrastructure,4
Vishwanathnagenahalli,Road Infrastructure,4
Kodigehalli,Road Infrastructure,4
Maruthi Seva Nagar,Revenue Department,4
Marenahalli,Revenue Department,4
Chikpete,Revenue Department,4
Chikpete,Sanitation,4
Mangammanapalya,Town Planning,4
Manorayanapalya,Road Infrastructure,4
Subedarapalya,Revenue Department,4
Subhash Nagar,Advertisement,4
Marenahalli,Health Dept,4
Kadugodi,Advertisement,4
Anjanapur,Storm  Water Drain(SWD),4
Vignana Nagar,Sanitation,4
A.Narayanapura,Storm  Water Drain(SWD),4
Yelachenahalli,Parks and Play grounds,4
Vannarpet,E khata / Khata services,4
Vannarpet,Others,4
Yeshwanthpur,Health Dept,3
Yeshwanthpur,Indira Canteen,3
Shakambari Nagar,Sanitation,3
HAL Airport,Storm  Water Drain(SWD),3
H.M.T,Revenue Department,3
H.M.T,Sanitation,3
Vrushabhavati Nagar,Others,3
Vrushabhavati Nagar,Road Infrastructure,3
Chikpete,Lakes,3
Chikpete,Parks and Play grounds,3
Subramanya Nagar,Indira Canteen,3
Chikpete,Advertisement,3
Marappana Palya,Town Planning,3
Chikkalasandra,Revenue Department,3
Subhash Nagar,Parks and Play grounds,3
Yadiyuru,Road Infrastructure,3
Yelachenahalli,Advertisement,3
Chokkasandra,Road Infrastructure,3
Malleshwaram,Sanitation,3
Mangammanapalya,Advertisement,3
Maruthi Seva Nagar,Sanitation,3
Maruthi Seva Nagar,Storm  Water Drain(SWD),3
Manorayanapalya,Water Crisis,3
Marappana Palya,Revenue Department,3
Gottigere,Parks and Play grounds,3
Sarakki,Revenue Department,3
Sarakki,Sanitation,3
Sarakki,Storm  Water Drain(SWD),3
Sarakki,Traffic Engineer Cell (TEC),3
Shakthiganapathi Nagar,Town Planning,3
HSR Layout,Indira Canteen,3
Hagadooru,Water Crisis,3
Hampi Nagar,Advertisement,3
Hampi Nagar,Revenue Department,3
Visvesvarapuram,Revenue Department,3
Hagadooru,Property Tax services,3
Hagadooru,Town Planning,3
Hanumantha Nagar,Health Dept,3
Subedarapalya,Advertisement,3
Mahalakshmipuram,Others,3
Mahalakshmipuram,Revenue Department,3
Sudam Nagar,Others,3
Sanjay Nagar,Storm  Water Drain(SWD),3
Basaveshwara Nagar,Others,3
Hegganahalli,Indira Canteen,3
Gayathri Nagar,Sanitation,3
Giri Nagar,Advertisement,3
Visvesvarapuram,Advertisement,3
Sagayapuram,Road Infrastructure,3
Hemmigepura,Estate,3
Hemmigepura,Lakes,3
Hemmigepura,Property Tax services,3
Gangenahalli,Advertisement,3
Hemmigepura,Water Crisis,3
Madiwala,Town Planning,3
Chowdeshwari Ward,Lakes,3
Lingarajapuram,Advertisement,3
Chamrajpet,Others,3
Chamrajpet,Parks and Play grounds,3
Mallasandra,Others,3
Lingarajapuram,Road Infrastructure,3
Madiwala,Advertisement,3
Madiwala,Parks and Play grounds,3
Hombegowda Nagar,Revenue Department,3
Sampangiram Nagar,Indira Canteen,3
Vijay Nagar,Parks and Play grounds,3
Gangenahalli,Others,3
Ganga Nagar,Health Dept,3
T-Dasarahalli,Advertisement,3
Chamrajpet,Storm  Water Drain(SWD),3
Chamrajpet,Traffic Engineer Cell (TEC),3
Lakshmidevi Nagar,Road Infrastructure,3
Laggere,Sanitation,3
Bagalagunte,Indira Canteen,3
Bagalagunte,Revenue Department,3
Lakshmidevi Nagar,Forest,3
Ganga Nagar,Others,3
Ganga Nagar,Sanitation,3
Rayapuram,E khata / Khata services,3
Vijanapura,Town Planning,3
Hosahalli,E khata / Khata services,3
Nagavara,Forest,3
Laggere,Health Dept,3
Ganeshmandira Ward,Revenue Department,3
Ramaswamy Palya,Revenue Department,3
Ramaswamy Palya,Storm  Water Drain(SWD),3
Hosakerehalli,Health Dept,3
Vignana Nagar,Parks and Play grounds,3
Gandhi Nagar,Traffic Engineer Cell (TEC),3
Basavanapura,Sanitation,3
Shanthi Nagar,Storm  Water Drain(SWD),3
Ramamurthy Nagar,Advertisement,3
J.P.Park,Parks and Play grounds,3
Hoysala Nagar,Projects Central,3
Gali Anjaneya Swamy Temple Ward,Storm  Water Drain(SWD),3
Jagajeevanram Nagar,E khata / Khata services,3
J.P.Park,Advertisement,3
J.P.Park,Indira Canteen,3
Binnipet,Advertisement,3
Rajarajeshwari Nagar,Property Tax services,3
Vidyaranyapura,Traffic Engineer Cell (TEC),3
Vignana Nagar,Optical Fiber Cables (OFC),3
Gali Anjaneya Swamy Temple Ward,Health Dept,3
Kushal Nagar,Others,3
Kushal Nagar,Revenue Department,3
Dayananda Nagar,Advertisement,3
Dayananda Nagar,Forest,3
Dayananda Nagar,Health Dept,3
Sri Nagar,Revenue Department,3
Jakkur,Indira Canteen,3
Jakkasandra,Revenue Department,3
Basavanapura,Advertisement,3
Shettyhalli,Sanitation,3
Koramangala,Advertisement,3
Nagavara,Sanitation,3
Nagavara,Town Planning,3
Nandini Layout,Road Infrastructure,3
Thanisandra,Advertisement,3
Bagalagunte,Advertisement,3
Kumaraswamy Layout,Sanitation,3
Arakere,Advertisement,3
Dr.Rajkumar Ward,Storm  Water Drain(SWD),3
Rajamahal,Town Planning,3
Rajarajeshwari Nagar,Lakes,3
Binnipet,Town Planning,3
Rajaji Nagar,Health Dept,3
Domlur,Town Planning,3
Jakkur,Sanitation,3
Rajaji Nagar,Town Planning,3
Vidyapeetha,Advertisement,3
Jaraganahalli,Others,3
Dr.Rajkumar Ward,Indira Canteen,3
Dr.Rajkumar Ward,Parks and Play grounds,3
Jayachamarajendra Nagar,Health Dept,3
Jayachamarajendra Nagar,Others,3
Vasanthapura,Storm  Water Drain(SWD),3
Thanisandra,Traffic Engineer Cell (TEC),3
Ullalu,Advertisement,3
Ullalu,Indira Canteen,3
Konanakunte,Storm  Water Drain(SWD),3
Konanakunte,Town Planning,3
Nayandanahalli,Indira Canteen,3
Nayandanahalli,Others,3
Koramangala,Town Planning,3
Dayananda Nagar,Water Crisis,3
Thanisandra,Road Infrastructure,3
Devasandra,Road Infrastructure,3
Devasandra,Storm  Water Drain(SWD),3
Kempegowda Ward,Water Crisis,3
Kengeri,Advertisement,3
Ulsoor,Lakes,3
Azad Nagar,Revenue Department,3
Kodigehalli,Indira Canteen,3
Kodigehalli,Lakes,3
Kodigehalli,Projects Central,3
Vasanthapura,Town Planning,3
Shiva Nagar,Others,3
Jayanagar East,E khata / Khata services,3
Jayanagar East,Parks and Play grounds,3
Jayanagar East,Water Crisis,3
Bommanahalli,Parks and Play grounds,3
Jeevanbhima Nagar,Advertisement,3
Jeevanbhima Nagar,Parks and Play grounds,3
Jeevanbhima Nagar,Property Tax services,3
Jeevanbhima Nagar,Road Infrastructure,3
Jeevanbhima Nagar,Storm  Water Drain(SWD),3
Domlur,Parks and Play grounds,3
Vasanth Nagar,Storm  Water Drain(SWD),3
Devasandra,Advertisement,3
Padarayanapura,Town Planning,3
Padarayanapura,veterinary,3
Deepanjali Nagar,Storm  Water Drain(SWD),3
Jayangar,Town Planning,3
Pulikeshi Nagar,E khata / Khata services,3
Pulikeshi Nagar,Sanitation,3
Doddanekkundi,Sanitation,3
Aramane Nagar,Traffic Engineer Cell (TEC),3
Jogupalya,Storm  Water Drain(SWD),3
Byrasandra,Road Infrastructure,3
Okalipuram,Revenue Department,3
Ulsoor,Storm  Water Drain(SWD),3
Kaveripura,Road Infrastructure,3
Kempapura Agrahara,E khata / Khata services,3
Kempapura Agrahara,Forest,3
Kempapura Agrahara,Revenue Department,3
Kengeri,Indira Canteen,3
Jogupalya,E khata / Khata services,3
Prakash Nagar,Advertisement,3
Aramane Nagar,Lakes,3
K.R.Puram,Sanitation,3
Kacharakanahalli,Advertisement,3
Siddapura,Sanitation,3
Bapuji Nagar,Others,3
Byatarayanapura,Sanitation,3
Attiguppe,Revenue Department,3
Varthur,Parks and Play grounds,3
Doddabommasandra,Others,3
Kadugondanahalli,Others,3
Kadugondanahalli,Parks and Play grounds,3
Kamakshipalya,Road Infrastructure,3
Basavanagudi,Advertisement,3
Singasandra,Property Tax services,3
Uttarahalli,Education,3
Karisandra,Town Planning,3
Kavalbyrasandra,Town Planning,3
Katriguppe,Parks and Play grounds,3
Kadugondanahalli,Road Infrastructure,3
Uttarahalli,Welfare Schemes,3
Attiguppe,Markets,3
Dodda Bidarkallu,Lakes,3
Kamakshipalya,E khata / Khata services,3
Kamakshipalya,Others,3
Maruthi Mandira Ward,Town Planning,3
Marenahalli,Town Planning,3
Maruthi Mandira Ward,Others,3
Yelahanka old Satellite Town,Indira Canteen,3
Yelahanka old Satellite Town,Lakes,3
Yelachenahalli,Storm  Water Drain(SWD),3
Adugodi,Storm  Water Drain(SWD),3
Gottigere,Road Infrastructure,3
Sarvagna Nagar,Revenue Department,3
Sarakki,Advertisement,3
Yelachenahalli,Water Crisis,3
Yadiyuru,Parks and Play grounds,3
HAL Airport,Advertisement,3
Subhash Nagar,Road Infrastructure,2
Sarvagna Nagar,Water Crisis,2
Chikpete,Water Crisis,2
Gurappanapalya,Road Infrastructure,2
Manorayanapalya,E khata / Khata services,2
Malleshwaram,Town Planning,2
Moodalapalya,Health Dept,2
Moodalapalya,Parks and Play grounds,2
Moodalapalya,Sanitation,2
Maruthi Seva Nagar,Property Tax services,2
Mangammanapalya,Property Tax services,2
Mangammanapalya,Water Crisis,2
Marappana Palya,Advertisement,2
Gottigere,Lakes,2
Gottigere,Property Tax services,2
HSR Layout,Markets,2
HSR Layout,Optical Fiber Cables (OFC),2
HSR Layout,Projects Central,2
Uttarahalli,Estate,2
Kaveripura,Advertisement,2
Dharmarayaswamy Temple Ward,Markets,2
Dharmarayaswamy Temple Ward,Optical Fiber Cables (OFC),2
Dharmarayaswamy Temple Ward,Storm  Water Drain(SWD),2
Kadugondanahalli,Sanitation,2
Kadugodi,Property Tax services,2
Kadugondanahalli,E khata / Khata services,2
Peenya Industrial Area,Parks and Play grounds,2
Pattabhiram Nagar,Road Infrastructure,2
Vannarpet,Advertisement,2
Dodda Bidarkallu,Advertisement,2
Karisandra,Property Tax services,2
Kadugondanahalli,Storm  Water Drain(SWD),2
Kamakshipalya,Parks and Play grounds,2
Maruthi Mandira Ward,Sanitation,2
Vasanth Nagar,Information Technology,2
Doddabommasandra,Traffic Engineer Cell (TEC),2
Dodda Bidarkallu,Sanitation,2
K.R.Market,Revenue Department,2
K.R.Market,Town Planning,2
Kacharakanahalli,Revenue Department,2
K.R.Puram,Parks and Play grounds,2
K.R.Puram,Property Tax services,2
Siddapura,Forest,2
Bapuji Nagar,Advertisement,2
Byatarayanapura,Property Tax services,2
Dodda Bidarkallu,Property Tax services,2
Kammanahalli,Storm  Water Drain(SWD),2
Kammanahalli,Town Planning,2
Kammanahalli,Water Crisis,2
Kavalbyrasandra,Indira Canteen,2
Jeevanbhima Nagar,Town Planning,2
Katriguppe,Storm  Water Drain(SWD),2
Okalipuram,Others,2
Padarayanapura,Forest,2
BTM Layout,CORONA COVID19,2
Ulsoor,Parks and Play grounds,2
Kavalbyrasandra,Property Tax services,2
Kaveripura,Property Tax services,2
Kempapura Agrahara,Water Crisis,2
Jogupalya,Welfare Schemes,2
Jogupalya,Others,2
Jogupalya,Revenue Department,2
Doddabommasandra,Revenue Department,2
Puttenahalli,Indira Canteen,2
Peenya Industrial Area,Revenue Department,2
Prakash Nagar,Optical Fiber Cables (OFC),2
Devasandra,Indira Canteen,2
Newthippasandra,Lakes,2
Newthippasandra,Plastic,2
Newthippasandra,Property Tax services,2
Deepanjali Nagar,Revenue Department,2
Devarajeevanahalli,Others,2
Devasandra,Parks and Play grounds,2
Vasanthapura,BBMP Election Branch,2
Jayangar,Sanitation,2
Puttenahalli,Property Tax services,2
Puttenahalli,Traffic Engineer Cell (TEC),2
Doddabommasandra,Sanitation,2
Doddanekkundi,Optical Fiber Cables (OFC),2
Doddanekkundi,Plastic,2
Doddanekkundi,Property Tax services,2
Doddanekkundi,Traffic Engineer Cell (TEC),2
Radhakrishna Temple,Water Crisis,2
Shiva Nagar,Revenue Department,2
Jayanagar East,Advertisement,2
Jayanagar East,Health Dept,2
Shivaji Nagar,Advertisement,2
Shivaji Nagar,Indira Canteen,2
Bommanahalli,Storm  Water Drain(SWD),2
Byatarayanapura,CORONA COVID19,2
Jeevanbhima Nagar,Sanitation,2
Domlur,Revenue Department,2
Aramane Nagar,Water Crisis,2
Kempegowda Ward,Lakes,2
Kempegowda Ward,Projects Central,2
Kempegowda Ward,Sanitation,2
Kempegowda Ward,Town Planning,2
Devasandra,Health Dept,2
Thanisandra,Property Tax services,2
Devasandra,Sanitation,2
Kempegowda Ward,Traffic Engineer Cell (TEC),2
Banaswadi,Plastic,2
Banaswadi,Projects Central,2
Ullalu,Property Tax services,2
Ullalu,Road Infrastructure,2
Kodigehalli,Parks and Play grounds,2
Arakere,Sanitation,2
Arakere,Storm  Water Drain(SWD),2
Jayachamarajendra Nagar,Road Infrastructure,2
Jayachamarajendra Nagar,Storm  Water Drain(SWD),2
Binnipet,Others,2
Radhakrishna Temple,Others,2
Radhakrishna Temple,Revenue Department,2
Radhakrishna Temple,Road Infrastructure,2
Binnipet,Water Crisis,2
Jaraganahalli,Revenue Department,2
Jaraganahalli,Town Planning,2
Jalahalli,Call Center,2
Rajagopala Nagar,Road Infrastructure,2
Rajagopala Nagar,Town Planning,2
Vidyapeetha,Others,2
Jaraganahalli,Markets,2
Dr.Rajkumar Ward,Others,2
Jayachamarajendra Nagar,Parks and Play grounds,2
Vasanthapura,Markets,2
Konanakunte,Indira Canteen,2
Konanakunte,Sanitation,2
Nayandanahalli,Advertisement,2
Deepanjali Nagar,Others,2
Deepanjali Nagar,Property Tax services,2
Jalahalli,Revenue Department,2
Anjanapur,Water Crisis,2
Dattathreya Temple,Parks and Play grounds,2
Koramangala,Property Tax services,2
Koramangala,Revenue Department,2
Neelasandra,Advertisement,2
Nandini Layout,Advertisement,2
Nandini Layout,Revenue Department,2
Kottigepalya,Water Crisis,2
BTM Layout,Traffic Engineer Cell (TEC),2
Thanisandra,Lakes,2
Arakere,Estate,2
Arakere,Indira Canteen,2
Arakere,Revenue Department,2
Dr.Rajkumar Ward,Water Crisis,2
Bilekahalli,Information Technology,2
Kottigepalya,Traffic Engineer Cell (TEC),2
Banaswadi,Sanitation,2
Banaswadi,Town Planning,2
Sri Nagar,Others,2
Sri Nagar,Parks and Play grounds,2
Chalavadipalya,Sanitation,2
Ejipura,Parks and Play grounds,2
Jakkur,Parks and Play grounds,2
Jagajeevanram Nagar,veterinary,2
Jakkasandra,Town Planning,2
Basavanagudi,Markets,2
Basavanagudi,Revenue Department,2
Basavanagudi,Town Planning,2
Basavanagudi,Water Crisis,2
Shettyhalli,Traffic Engineer Cell (TEC),2
Jalahalli,Parks and Play grounds,2
Shanthi Nagar,Water Crisis,2
Rajarajeshwari Nagar,Water Crisis,2
Gali Anjaneya Swamy Temple Ward,Advertisement,2
Hoysala Nagar,Sanitation,2
Jagajeevanram Nagar,Revenue Department,2
Bharathi Nagar,Storm  Water Drain(SWD),2
Bilekahalli,Lakes,2
Rajarajeshwari Nagar,Projects Central,2
Vidyaranyapura,Property Tax services,2
Vignana Nagar,Estate,2
Gali Anjaneya Swamy Temple Ward,Markets,2
Ejipura,Others,2
Kushal Nagar,Road Infrastructure,2
Kushal Nagar,Storm  Water Drain(SWD),2
Dayananda Nagar,E khata / Khata services,2
Dayananda Nagar,Others,2
Hosahalli,Revenue Department,2
Ganeshmandira Ward,Storm  Water Drain(SWD),2
Benniganahalli,Lakes,2
Ramamurthy Nagar,Indira Canteen,2
Ramamurthy Nagar,Water Crisis,2
Ramaswamy Palya,Road Infrastructure,2
Anjanapur,Sanitation,2
Horamavu,Optical Fiber Cables (OFC),2
Horamavu,Traffic Engineer Cell (TEC),2
Hosahalli,Storm  Water Drain(SWD),2
Gandhi Nagar,Information Technology,2
Gandhi Nagar,Parks and Play grounds,2
Gandhi Nagar,Projects Central,2
Hosakerehalli,Water Crisis,2
Hosahalli,Road Infrastructure,2
Basavanapura,Water Crisis,2
Hoodi,Indira Canteen,2
Hosahalli,Others,2
Cottonpet,Others,2
T-Dasarahalli,Indira Canteen,2
T-Dasarahalli,Parks and Play grounds,2
T-Dasarahalli,Revenue Department,2
T-Dasarahalli,Storm  Water Drain(SWD),2
Nagavara,Parks and Play grounds,2
Nagarabhavi,Indira Canteen,2
Nagarabhavi,Storm  Water Drain(SWD),2
Laggere,Advertisement,2
Kuvempu Nagar,Lakes,2
Kuvempu Nagar,Sanitation,2
Bagalagunte,Sanitation,2
Sunkenahalli,Property Tax services,2
Sunkenahalli,Town Planning,2
C.V.Raman Nagar,Town Planning,2
Chamrajpet,Sanitation,2
NON Ward,E khata / Khata services,2
Nagapura,Indira Canteen,2
Lakkasandra,E khata / Khata services,2
Lakkasandra,Others,2
Lakshmidevi Nagar,Advertisement,2
Ganga Nagar,Revenue Department,2
S.K.Garden,Others,2
S.K.Garden,Road Infrastructure,2
Rayapuram,Health Dept,2
Rayapuram,Others,2
S.K.Garden,E khata / Khata services,2
Horamavu,Information Technology,2
Vijanapura,Estate,2
Hoodi,Estate,2
Muneshwara Nagar,Others,2
Chamrajpet,Indira Canteen,2
Mallasandra,Road Infrastructure,2
Madiwala,Road Infrastructure,2
Garudacharpalya,Estate,2
Hombegowda Nagar,Parks and Play grounds,2
Hombegowda Nagar,Property Tax services,2
Hombegowda Nagar,Sanitation,2
Shanthala Nagar,Plastic,2
Hongasandra,Revenue Department,2
Vijay Nagar,Others,2
Vijay Nagar,Sanitation,2
Gangenahalli,Road Maintenance(Engg),2
Gangenahalli,Storm  Water Drain(SWD),2
Hoodi,Sanitation,2
Cottonpet,Town Planning,2
Gayathri Nagar,Town Planning,2
Vishwanathnagenahalli,Water Crisis,2
Agaram,Parks and Play grounds,2
Agaram,Town Planning,2
Hebbal,Plastic,2
Hebbal,Sanitation,2
Sagayapuram,Others,2
Sagayapuram,Sanitation,2
Garudacharpalya,Forest,2
Vishwanathnagenahalli,Revenue Department,2
Hombegowda Nagar,Advertisement,2
Garudacharpalya,Sanitation,2
Hemmigepura,Traffic Engineer Cell (TEC),2
Chowdeshwari Ward,Revenue Department,2
Chowdeshwari Ward,Storm  Water Drain(SWD),2
Muneshwara Nagar,E khata / Khata services,2
Mathikere,Property Tax services,2
Sudam Nagar,Water Crisis,2
Mahalakshmipuram,Parks and Play grounds,2
Malleshwaram,Advertisement,2
Malleshwaram,Projects Central,2
Chokkasandra,Advertisement,2
Chokkasandra,Indira Canteen,2
Chokkasandra,Lakes,2
Sudam Nagar,Optical Fiber Cables (OFC),2
Gayathri Nagar,Parks and Play grounds,2
Bellandur,Town Planning,2
Benniganahalli,Advertisement,2
Benniganahalli,Call Center,2
Sampangiram Nagar,Traffic Engineer Cell (TEC),2
Basaveshwara Nagar,Parks and Play grounds,2
Basaveshwara Nagar,Road Infrastructure,2
HSR Layout,Sanitation,2
HSR Layout,Traffic Engineer Cell (TEC),2
Visvesvarapuram,Storm  Water Drain(SWD),2
Hampi Nagar,Sanitation,2
Giri Nagar,Town Planning,2
Gottigere,Advertisement,2
Agrahara Dasarahalli,Road Infrastructure,2
Visvesvarapuram,Sanitation,2
Hebbal,Indira Canteen,2
Hanumantha Nagar,Others,2
Hanumantha Nagar,Parks and Play grounds,2
Hanumantha Nagar,Revenue Department,2
Hanumantha Nagar,Road Infrastructure,2
Madiwala,Storm  Water Drain(SWD),2
Subedarapalya,E khata / Khata services,2
Banashankari Temple Ward,Parks and Play grounds,2
Sarvagna Nagar,Traffic Engineer Cell (TEC),2
Marathalli,Parks and Play grounds,2
Chikpete,CORONA COVID19,2
A.Narayanapura,Parks and Play grounds,2
Yeshwanthpur,Others,2
HAL Airport,Traffic Engineer Cell (TEC),2
HBR Layout,Advertisement,2
H.M.T,Town Planning,2
H.M.T,Traffic Engineer Cell (TEC),2
Yelachenahalli,Markets,2
Vrushabhavati Nagar,Forest,2
Banaswadi,Advertisement,2
Banaswadi,Indira Canteen,2
Subedarapalya,Town Planning,2
Chikkalasandra,Storm  Water Drain(SWD),2
Chikkalasandra,Town Planning,2
Maruthi Mandira Ward,Water Crisis,2
A.Narayanapura,Revenue Department,2
Adugodi,Advertisement,2
Adugodi,E khata / Khata services,2
Yelachenahalli,Road Infrastructure,2
Yeshwanthpur,E khata / Khata services,2
Yelahanka old Satellite Town,Town Planning,2
Adugodi,Sanitation,2
Gottigere,Storm  Water Drain(SWD),2
HBR Layout,Water Crisis,2
Govindraja Nagara,Indira Canteen,2
Govindraja Nagara,Parks and Play grounds,2
HBR Layout,Lakes,2
HBR Layout,Parks and Play grounds,2
Shakthiganapathi Nagar,Indira Canteen,2
Begur,Indira Canteen,2
Yelachenahalli,Revenue Department,1
A.Narayanapura,Information Technology,1
Yelachenahalli,Town Planning,1
HAL Airport,Parks and Play grounds,1
HAL Airport,Optical Fiber Cables (OFC),1
HAL Airport,Lakes,1
HAL Airport,Indira Canteen,1
Adugodi,Indira Canteen,1
Yelachenahalli,Education,1
Yelachenahalli,CORONA COVID19,1
Yadiyuru,Water Crisis,1
Yadiyuru,Traffic Engineer Cell (TEC),1
HBR Layout,Indira Canteen,1
HBR Layout,CORONA COVID19,1
Govindraja Nagara,Sanitation,1
Govindraja Nagara,Others,1
HBR Layout,Welfare Schemes,1
Gottigere,Plastic,1
Gottigere,Information Technology,1
Shanthala Nagar,Information Technology,1
Basaveshwara Nagar,Storm  Water Drain(SWD),1
Basaveshwara Nagar,Sanitation,1
Sanjay Nagar,Call Center,1
Sanjay Nagar,Advertisement,1
Sampangiram Nagar,Sanitation,1
Benniganahalli,Information Technology,1
Benniganahalli,Indira Canteen,1
Benniganahalli,Education,1
Benniganahalli,CORONA COVID19,1
Sanjay Nagar,Water Crisis,1
Sanjay Nagar,Town Planning,1
Sanjay Nagar,Sanitation,1
Begur,Welfare Schemes,1
Sanjay Nagar,Parks and Play grounds,1
Sanjay Nagar,Indira Canteen,1
Bharathi Nagar,E khata / Khata services,1
Benniganahalli,Welfare Schemes,1
Benniganahalli,Town Planning,1
Basavanapura,Call Center,1
Shanthi Nagar,Property Tax services,1
Shanthi Nagar,Others,1
Shanthi Nagar,Information Technology,1
Shanthi Nagar,Advertisement,1
Shanthala Nagar,Welfare Schemes,1
Shanthala Nagar,Traffic Engineer Cell (TEC),1
Sampangiram Nagar,Parks and Play grounds,1
Sampangiram Nagar,Markets,1
Sampangiram Nagar,Lakes,1
Sampangiram Nagar,CORONA COVID19,1
Sagayapuram,Storm  Water Drain(SWD),1
Sagayapuram,Indira Canteen,1
Shanthi Nagar,Town Planning,1
Shanthi Nagar,Sanitation,1
Basavanapura,Markets,1
Ramaswamy Palya,Sanitation,1
Ramaswamy Palya,Others,1
Ramaswamy Palya,Indira Canteen,1
Ramaswamy Palya,E khata / Khata services,1
Ramamurthy Nagar,Property Tax services,1
Ramamurthy Nagar,Plastic,1
Ramamurthy Nagar,Lakes,1
Rayapuram,Welfare Schemes,1
Rayapuram,Parks and Play grounds,1
Rayapuram,Indira Canteen,1
Rayapuram,Forest,1
Ramaswamy Palya,Town Planning,1
S.K.Garden,Revenue Department,1
Rajarajeshwari Nagar,Call Center,1
Rajamahal,Storm  Water Drain(SWD),1
Rajamahal,Road Infrastructure,1
Rajamahal,Parks and Play grounds,1
Rajamahal,Call Center,1
Basavanagudi,Sanitation,1
Basavanagudi,Indira Canteen,1
Binnipet,Call Center,1
Bilekahalli,Welfare Schemes,1
Bilekahalli,Storm  Water Drain(SWD),1
Ramamurthy Nagar,Estate,1
Bilekahalli,CORONA COVID19,1
Bharathi Nagar,Traffic Engineer Cell (TEC),1
Bharathi Nagar,Sanitation,1
Bharathi Nagar,Optical Fiber Cables (OFC),1
Rajarajeshwari Nagar,Welfare Schemes,1
Bommanahalli,Water Crisis,1
Shiva Nagar,Sanitation,1
Shiva Nagar,Parks and Play grounds,1
Rajagopala Nagar,Call Center,1
Radhakrishna Temple,Traffic Engineer Cell (TEC),1
Radhakrishna Temple,Property Tax services,1
Radhakrishna Temple,Estate,1
Radhakrishna Temple,Advertisement,1
Binnipet,Indira Canteen,1
Rajaji Nagar,Call Center,1
Rajagopala Nagar,Revenue Department,1
Rajaji Nagar,Revenue Department,1
Bommanahalli,Education,1
Binnipet,Storm  Water Drain(SWD),1
Binnipet,Parks and Play grounds,1
Bilekahalli,Indira Canteen,1
Byatarayanapura,Projects Central,1
Byatarayanapura,Indira Canteen,1
Bapuji Nagar,Information Technology,1
Singasandra,Advertisement,1
Siddapura,Town Planning,1
Siddapura,Road Infrastructure,1
Siddapura,Indira Canteen,1
Siddapura,E khata / Khata services,1
Prakash Nagar,Town Planning,1
Prakash Nagar,Parks and Play grounds,1
Prakash Nagar,Call Center,1
Bommanahalli,Lakes,1
Pulikeshi Nagar,Water Crisis,1
Puttenahalli,Water Crisis,1
Puttenahalli,Parks and Play grounds,1
Puttenahalli,Markets,1
Byrasandra,Revenue Department,1
Byrasandra,Property Tax services,1
Byrasandra,Indira Canteen,1
Byatarayanapura,Welfare Schemes,1
Singasandra,Water Crisis,1
Bapuji Nagar,Traffic Engineer Cell (TEC),1
Bapuji Nagar,Road Infrastructure,1
Bapuji Nagar,Parks and Play grounds,1
Pattabhiram Nagar,Traffic Engineer Cell (TEC),1
Pattabhiram Nagar,Revenue Department,1
Pattabhiram Nagar,Indira Canteen,1
Pattabhiram Nagar,Advertisement,1
Padmanabha Nagar,Traffic Engineer Cell (TEC),1
Padmanabha Nagar,Plastic,1
Peenya Industrial Area,Property Tax services,1
Peenya Industrial Area,Lakes,1
C.V.Raman Nagar,Markets,1
C.V.Raman Nagar,Lakes,1
C.V.Raman Nagar,Education,1
Banaswadi,Information Technology,1
Someshwara,Traffic Engineer Cell (TEC),1
Someshwara,Sanitation,1
Someshwara,Property Tax services,1
Someshwara,Lakes,1
Someshwara,Advertisement,1
Newthippasandra,Sanitation,1
Newthippasandra,BBMP Election Branch,1
Padarayanapura,Revenue Department,1
Okalipuram,Road Infrastructure,1
Padmanabha Nagar,Education,1
Byrasandra,Water Crisis,1
Byrasandra,Sanitation,1
Chalavadipalya,Storm  Water Drain(SWD),1
Sri Rammandira,BBMP Election Branch,1
Sri Nagar,Property Tax services,1
Sri Nagar,Information Technology,1
Banaswadi,Water Crisis,1
Banaswadi,Property Tax services,1
Nandini Layout,Traffic Engineer Cell (TEC),1
Nandini Layout,Storm  Water Drain(SWD),1
Nandini Layout,Optical Fiber Cables (OFC),1
Neelasandra,Forest,1
Nayandanahalli,Welfare Schemes,1
Nayandanahalli,Road Infrastructure,1
Nandini Layout,Water Crisis,1
Neelasandra,Storm  Water Drain(SWD),1
C.V.Raman Nagar,Parks and Play grounds,1
C.V.Raman Nagar,Optical Fiber Cables (OFC),1
Mathikere,Parks and Play grounds,1
Mathikere,Indira Canteen,1
Banashankari Temple Ward,Others,1
Sri Rammandira,Storm  Water Drain(SWD),1
Sri Rammandira,Call Center,1
Muneshwara Nagar,Water Crisis,1
Muneshwara Nagar,Storm  Water Drain(SWD),1
Muneshwara Nagar,Health Dept,1
Moodalapalya,Town Planning,1
C.V.Raman Nagar,Traffic Engineer Cell (TEC),1
Nagavara,Advertisement,1
Nagarabhavi,Traffic Engineer Cell (TEC),1
Nagarabhavi,Parks and Play grounds,1
Nagavara,Lakes,1
Nagavara,Education,1
Chalavadipalya,Water Crisis,1
Maruthi Mandira Ward,Road Infrastructure,1
Maruthi Mandira Ward,Property Tax services,1
Chikkalasandra,Sanitation,1
Subedarapalya,Storm  Water Drain(SWD),1
Subedarapalya,Sanitation,1
Subedarapalya,Indira Canteen,1
Banashankari Temple Ward,Traffic Engineer Cell (TEC),1
Maruthi Seva Nagar,Town Planning,1
Maruthi Seva Nagar,Parks and Play grounds,1
Maruthi Seva Nagar,Optical Fiber Cables (OFC),1
Maruthi Seva Nagar,Information Technology,1
Maruthi Seva Nagar,Indira Canteen,1
Moodalapalya,Call Center,1
Moodalapalya,Advertisement,1
Mathikere,Road Infrastructure,1
Mathikere,Revenue Department,1
Marenahalli,Indira Canteen,1
Marathalli,Property Tax services,1
Marathalli,Projects Central,1
Subramanya Nagar,Call Center,1
Subhash Nagar,Traffic Engineer Cell (TEC),1
Subhash Nagar,Storm  Water Drain(SWD),1
Subhash Nagar,Sanitation,1
Subhash Nagar,Revenue Department,1
Subhash Nagar,Projects Central,1
Subhash Nagar,E khata / Khata services,1
Chikkalasandra,Parks and Play grounds,1
Maruthi Mandira Ward,Parks and Play grounds,1
Maruthi Mandira Ward,Indira Canteen,1
Marenahalli,Traffic Engineer Cell (TEC),1
Marenahalli,Storm  Water Drain(SWD),1
Maruthi Seva Nagar,Advertisement,1
Sudam Nagar,E khata / Khata services,1
Subramanya Nagar,Storm  Water Drain(SWD),1
Subramanya Nagar,Revenue Department,1
Subramanya Nagar,Information Technology,1
Chikpete,Indira Canteen,1
Marappana Palya,Others,1
Manorayanapalya,Storm  Water Drain(SWD),1
Manorayanapalya,Sanitation,1
Marathalli,Indira Canteen,1
Marappana Palya,Storm  Water Drain(SWD),1
Marappana Palya,Road Infrastructure,1
Chikpete,Storm  Water Drain(SWD),1
Chikpete,Property Tax services,1
Marenahalli,Sanitation,1
Marenahalli,Property Tax services,1
Marenahalli,Parks and Play grounds,1
Sudam Nagar,Traffic Engineer Cell (TEC),1
Sudam Nagar,Storm  Water Drain(SWD),1
Sudam Nagar,Sanitation,1
Sudam Nagar,Revenue Department,1
Sudam Nagar,Parks and Play grounds,1
Malleshwaram,Parks and Play grounds,1
Malleshwaram,Indira Canteen,1
Malleshwaram,Education,1
Mallasandra,Traffic Engineer Cell (TEC),1
Malleshwaram,Water Crisis,1
Chokkasandra,Town Planning,1
Manorayanapalya,Plastic,1
Manorayanapalya,Advertisement,1
Mangammanapalya,Welfare Schemes,1
Mangammanapalya,Optical Fiber Cables (OFC),1
Mangammanapalya,Lakes,1
Lakshmidevi Nagar,Town Planning,1
Lakshmidevi Nagar,Parks and Play grounds,1
Sudduguntepalya,Sanitation,1
Sudduguntepalya,Revenue Department,1
Sudduguntepalya,Parks and Play grounds,1
Lingarajapuram,Revenue Department,1
Chowdeshwari Ward,Road Infrastructure,1
Chowdeshwari Ward,Parks and Play grounds,1
Madiwala,Sanitation,1
Madiwala,Plastic,1
Lingarajapuram,Traffic Engineer Cell (TEC),1
Mahalakshmipuram,Water Crisis,1
Mahalakshmipuram,Sanitation,1
Mahalakshmipuram,Road Infrastructure,1
Mahalakshmipuram,Call Center,1
Mahalakshmipuram,Advertisement,1
Dattathreya Temple,Call Center,1
Dattathreya Temple,Advertisement,1
Cottonpet,Water Crisis,1
Cottonpet,Sanitation,1
Sunkenahalli,Traffic Engineer Cell (TEC),1
Sunkenahalli,Storm  Water Drain(SWD),1
Bagalagunte,Water Crisis,1
Bagalagunte,Traffic Engineer Cell (TEC),1
Lakkasandra,Traffic Engineer Cell (TEC),1
Lakkasandra,Parks and Play grounds,1
Lakkasandra,Indira Canteen,1
Lakkasandra,Advertisement,1
Laggere,Town Planning,1
Laggere,Storm  Water Drain(SWD),1
Chowdeshwari Ward,Advertisement,1
Lakshmidevi Nagar,Water Crisis,1
Kushal Nagar,Water Crisis,1
Kushal Nagar,Health Dept,1
Kumaraswamy Layout,Water Crisis,1
Kumaraswamy Layout,Revenue Department,1
Kumaraswamy Layout,Property Tax services,1
T-Dasarahalli,Water Crisis,1
T-Dasarahalli,Traffic Engineer Cell (TEC),1
T-Dasarahalli,Sanitation,1
T-Dasarahalli,Projects Central,1
T-Dasarahalli,CORONA COVID19,1
Cottonpet,Forest,1
Kuvempu Nagar,Optical Fiber Cables (OFC),1
Kuvempu Nagar,Information Technology,1
Kuvempu Nagar,Indira Canteen,1
Kuvempu Nagar,Advertisement,1
Kuvempu Nagar,Traffic Engineer Cell (TEC),1
Kottigepalya,Markets,1
Kottigepalya,BBMP Election Branch,1
Koramangala,Water Crisis,1
Koramangala,Traffic Engineer Cell (TEC),1
Thanisandra,Indira Canteen,1
Thanisandra,Call Center,1
Bagalagunte,Call Center,1
BTM Layout,Water Crisis,1
BTM Layout,Town Planning,1
BTM Layout,Storm  Water Drain(SWD),1
Thanisandra,BBMP Election Branch,1
Kumaraswamy Layout,Markets,1
Kumaraswamy Layout,Indira Canteen,1
Kumaraswamy Layout,Advertisement,1
Dayananda Nagar,Call Center,1
Kushal Nagar,Welfare Schemes,1
Ullalu,Information Technology,1
Ullalu,Estate,1
Ullalu,Call Center,1
Thanisandra,Projects Central,1
Konena Agrahara,Optical Fiber Cables (OFC),1
Konena Agrahara,Indira Canteen,1
Deepanjali Nagar,Parks and Play grounds,1
Deepanjali Nagar,Optical Fiber Cables (OFC),1
Deepanjali Nagar,Advertisement,1
Koramangala,Sanitation,1
Koramangala,Markets,1
Koramangala,Information Technology,1
Konena Agrahara,Town Planning,1
Dattathreya Temple,Water Crisis,1
Dattathreya Temple,Lakes,1
Kottigepalya,Plastic,1
Devarajeevanahalli,Sanitation,1
Devarajeevanahalli,Revenue Department,1
Devarajeevanahalli,Health Dept,1
Devarajeevanahalli,Forest,1
Deepanjali Nagar,Sanitation,1
Kengeri,Property Tax services,1
Azad Nagar,Projects Central,1
Ullalu,Traffic Engineer Cell (TEC),1
Kodigehalli,Traffic Engineer Cell (TEC),1
Dayananda Nagar,Town Planning,1
Dayananda Nagar,Sanitation,1
Dayananda Nagar,Parks and Play grounds,1
Konena Agrahara,Call Center,1
Konanakunte,Traffic Engineer Cell (TEC),1
Konanakunte,Parks and Play grounds,1
Konanakunte,Markets,1
Kaveripura,Estate,1
Kavalbyrasandra,Sanitation,1
Ulsoor,Traffic Engineer Cell (TEC),1
BTM Layout,Indira Canteen,1
BTM Layout,Advertisement,1
Azad Nagar,Water Crisis,1
Kempapura Agrahara,Sanitation,1
Kempegowda Ward,Revenue Department,1
Kempegowda Ward,Property Tax services,1
Kempegowda Ward,Plastic,1
Kengeri,Optical Fiber Cables (OFC),1
Kengeri,Lakes,1
Kengeri,Call Center,1
Devasandra,Town Planning,1
Devasandra,Lakes,1
Kengeri,Traffic Engineer Cell (TEC),1
Katriguppe,Optical Fiber Cables (OFC),1
Katriguppe,Indira Canteen,1
Katriguppe,Call Center,1
Uttarahalli,Property Tax services,1
Uttarahalli,Projects Central,1
Uttarahalli,Information Technology,1
Uttarahalli,Indira Canteen,1
Uttarahalli,Call Center,1
Uttarahalli,CORONA COVID19,1
Katriguppe,Sanitation,1
Dharmarayaswamy Temple Ward,Property Tax services,1
Dharmarayaswamy Temple Ward,Plastic,1
Kaveripura,Plastic,1
Kaveripura,Parks and Play grounds,1
Kaveripura,Others,1
Kaveripura,Indira Canteen,1
Kadugondanahalli,Optical Fiber Cables (OFC),1
Dodda Bidarkallu,Plastic,1
Dodda Bidarkallu,Indira Canteen,1
Dodda Bidarkallu,BBMP Election Branch,1
Attiguppe,Property Tax services,1
Vannarpet,Revenue Department,1
Uttarahalli,Traffic Engineer Cell (TEC),1
Kamakshipalya,Water Crisis,1
Kamakshipalya,Indira Canteen,1
Kamakshipalya,Estate,1
Kamakshipalya,Advertisement,1
Karisandra,Revenue Department,1
Kammanahalli,Traffic Engineer Cell (TEC),1
Kammanahalli,Information Technology,1
Kammanahalli,Indira Canteen,1
Dharmarayaswamy Temple Ward,Call Center,1
Doddabommasandra,Parks and Play grounds,1
Doddabommasandra,Indira Canteen,1
Varthur,Property Tax services,1
Varthur,Optical Fiber Cables (OFC),1
Vannarpet,Water Crisis,1
Vannarpet,Storm  Water Drain(SWD),1
Attiguppe,Traffic Engineer Cell (TEC),1
Dharmarayaswamy Temple Ward,Traffic Engineer Cell (TEC),1
Dharmarayaswamy Temple Ward,Town Planning,1
Kadugodi,Water Crisis,1
Kadugodi,Sanitation,1
Kadugodi,Parks and Play grounds,1
Kadugodi,Indira Canteen,1
Kacharakanahalli,Traffic Engineer Cell (TEC),1
Kadugondanahalli,Revenue Department,1
Kadugondanahalli,Projects Central,1
Doddabommasandra,Town Planning,1
Aramane Nagar,Revenue Department,1
Vasanth Nagar,Optical Fiber Cables (OFC),1
Varthur,Traffic Engineer Cell (TEC),1
Varthur,Town Planning,1
K.R.Puram,Indira Canteen,1
K.R.Puram,Call Center,1
K.R.Market,Welfare Schemes,1
K.R.Market,Sanitation,1
K.R.Market,Property Tax services,1
K.R.Market,Markets,1
K.R.Market,Indira Canteen,1
K.R.Puram,Traffic Engineer Cell (TEC),1
K.R.Puram,Town Planning,1
Kacharakanahalli,Optical Fiber Cables (OFC),1
Doddabommasandra,Property Tax services,1
Jeevanbhima Nagar,Call Center,1
Jayangar,Storm  Water Drain(SWD),1
Vasanthapura,CORONA COVID19,1
Vasanth Nagar,Traffic Engineer Cell (TEC),1
Jnanabharathi Ward,Projects Central,1
Jnanabharathi Ward,Estate,1
Jnanabharathi Ward,Call Center,1
Doddanekkundi,Water Crisis,1
Doddanekkundi,Indira Canteen,1
Jogupalya,Parks and Play grounds,1
Jnanabharathi Ward,Welfare Schemes,1
Jnanabharathi Ward,Property Tax services,1
K.R.Market,Call Center,1
K.R.Market,Advertisement,1
Jogupalya,Town Planning,1
Doddanekkundi,Estate,1
Jayachamarajendra Nagar,Traffic Engineer Cell (TEC),1
Vasanthapura,Water Crisis,1
Vasanthapura,Traffic Engineer Cell (TEC),1
Vasanthapura,Sanitation,1
Vasanthapura,Property Tax services,1
Vasanthapura,Optical Fiber Cables (OFC),1
Vasanthapura,Information Technology,1
Jayanagar East,Traffic Engineer Cell (TEC),1
Jayanagar East,Projects Central,1
Jayamahal,Sanitation,1
Jayangar,Indira Canteen,1
Domlur,Sanitation,1
Domlur,Property Tax services,1
Domlur,Optical Fiber Cables (OFC),1
Domlur,Indira Canteen,1
Jeevanbhima Nagar,Revenue Department,1
Vidyapeetha,Revenue Department,1
Vidyapeetha,Property Tax services,1
Vidyapeetha,Markets,1
Aramane Nagar,Indira Canteen,1
Arakere,Welfare Schemes,1
Arakere,Water Crisis,1
Jayachamarajendra Nagar,Projects Central,1
Jayachamarajendra Nagar,Advertisement,1
Jaraganahalli,Traffic Engineer Cell (TEC),1
Dr.Rajkumar Ward,Sanitation,1
Dr.Rajkumar Ward,Revenue Department,1
Dr.Rajkumar Ward,Projects Central,1
Dr.Rajkumar Ward,Health Dept,1
Jayamahal,Property Tax services,1
Jayamahal,Advertisement,1
Jayachamarajendra Nagar,Water Crisis,1
Ejipura,CORONA COVID19,1
Dr.Rajkumar Ward,Town Planning,1
Jakkur,Call Center,1
Vidyaranyapura,Optical Fiber Cables (OFC),1
Vidyaranyapura,Indira Canteen,1
Vidyaranyapura,Education,1
Vidyaranyapura,Advertisement,1
Arakere,Optical Fiber Cables (OFC),1
Anjanapur,Town Planning,1
Vidyapeetha,Storm  Water Drain(SWD),1
Jalahalli,Town Planning,1
Jakkur,Welfare Schemes,1
Jakkur,Traffic Engineer Cell (TEC),1
Jakkur,Property Tax services,1
Jakkur,Projects Central,1
Domlur,Traffic Engineer Cell (TEC),1
J.P.Park,Town Planning,1
J.P.Park,Storm  Water Drain(SWD),1
Gali Anjaneya Swamy Temple Ward,Traffic Engineer Cell (TEC),1
Vignana Nagar,Education,1
Vidyaranyapura,Welfare Schemes,1
Vidyaranyapura,Water Crisis,1
Jakkasandra,Water Crisis,1
Jakkasandra,Storm  Water Drain(SWD),1
Jakkasandra,Parks and Play grounds,1
Jakkasandra,Markets,1
Jagajeevanram Nagar,Town Planning,1
Jagajeevanram Nagar,Sanitation,1
Jakkur,Information Technology,1
Ejipura,Road Infrastructure,1
Ejipura,Revenue Department,1
Ejipura,Markets,1
Vignana Nagar,Town Planning,1
Vignana Nagar,Property Tax services,1
Agrahara Dasarahalli,Water Crisis,1
Hosakerehalli,Plastic,1
Hosakerehalli,Parks and Play grounds,1
Hosahalli,Town Planning,1
Hoysala Nagar,Lakes,1
Hoysala Nagar,Information Technology,1
Hoysala Nagar,CORONA COVID19,1
J.P.Nagar,Property Tax services,1
J.P.Nagar,Markets,1
Hoysala Nagar,Traffic Engineer Cell (TEC),1
Ejipura,Town Planning,1
J.P.Park,Others,1
J.P.Park,Optical Fiber Cables (OFC),1
Jagajeevanram Nagar,Others,1
Vijanapura,Traffic Engineer Cell (TEC),1
Vijanapura,Revenue Department,1
Vijanapura,Parks and Play grounds,1
Vijanapura,Optical Fiber Cables (OFC),1
Vijanapura,Lakes,1
Vijanapura,Indira Canteen,1
Vijanapura,Advertisement,1
Vignana Nagar,Water Crisis,1
Horamavu,Estate,1
Horamavu,Education,1
Ganeshmandira Ward,Traffic Engineer Cell (TEC),1
Ganeshmandira Ward,Town Planning,1
Gandhi Nagar,Water Crisis,1
Horamavu,Call Center,1
Hosahalli,Property Tax services,1
Hosahalli,Parks and Play grounds,1
Garudacharpalya,Advertisement,1
Gangenahalli,Indira Canteen,1
Vijay Nagar,Traffic Engineer Cell (TEC),1
Vijay Nagar,Town Planning,1
Vijay Nagar,Storm  Water Drain(SWD),1
Vijay Nagar,Road Infrastructure,1
Vijay Nagar,Revenue Department,1
Vijay Nagar,Property Tax services,1
Vijanapura,Water Crisis,1
Ganga Nagar,Town Planning,1
Ganga Nagar,Indira Canteen,1
Hoodi,Traffic Engineer Cell (TEC),1
Hoodi,Projects Central,1
Hoodi,Parks and Play grounds,1
Hongasandra,Traffic Engineer Cell (TEC),1
Hongasandra,Sanitation,1
Hebbal,Revenue Department,1
Hebbal,Property Tax services,1
Agaram,Others,1
Vishwanathnagenahalli,Sanitation,1
Garudacharpalya,Information Technology,1
Hemmigepura,Optical Fiber Cables (OFC),1
Hemmigepura,Indira Canteen,1
Hemmigepura,Call Center,1
Hegganahalli,Storm  Water Drain(SWD),1
Herohalli,Indira Canteen,1
Hemmigepura,Sanitation,1
Garudacharpalya,Welfare Schemes,1
Garudacharpalya,Parks and Play grounds,1
Herohalli,Sanitation,1
Herohalli,Optical Fiber Cables (OFC),1
Hombegowda Nagar,Markets,1
Hampi Nagar,Lakes,1
Hagadooru,Welfare Schemes,1
Visvesvarapuram,Parks and Play grounds,1
Visvesvarapuram,Information Technology,1
Agrahara Dasarahalli,Parks and Play grounds,1
Agrahara Dasarahalli,Others,1
Hanumantha Nagar,Storm  Water Drain(SWD),1
Hanumantha Nagar,Lakes,1
Hanumantha Nagar,Estate,1
Hanumantha Nagar,Advertisement,1
Hebbal,Optical Fiber Cables (OFC),1
Hanumantha Nagar,Water Crisis,1
Giri Nagar,Estate,1
Giri Nagar,CORONA COVID19,1
Hegganahalli,Advertisement,1
Hebbal,Town Planning,1
Gottigere,Indira Canteen,1
Vrushabhavati Nagar,Water Crisis,1
Vrushabhavati Nagar,Town Planning,1
Vrushabhavati Nagar,Parks and Play grounds,1
Vrushabhavati Nagar,Indira Canteen,1
HSR Layout,Plastic,1
HSR Layout,Education,1
HSR Layout,Advertisement,1
Hagadooru,Markets,1
Gottigere,Estate,1
Gottigere,Call Center,1
Giri Nagar,Sanitation,1
Giri Nagar,Markets,1
Hagadooru,Call Center,1
Hagadooru,CORONA COVID19,1
Hampi Nagar,Parks and Play grounds,1
Yelachenahalli,Traffic Engineer Cell (TEC),1
Yelachenahalli,Optical Fiber Cables (OFC),1
Yelachenahalli,Lakes,1
Agaram,Lakes,1
Agaram,Indira Canteen,1
Agaram,Advertisement,1
Adugodi,Others,1
Govindraja Nagara,Water Crisis,1
Yelahanka old Satellite Town,Traffic Engineer Cell (TEC),1
H.M.T,Property Tax services,1
H.M.T,Parks and Play grounds,1
H.M.T,Lakes,1
Gottigere,Water Crisis,1
Gottigere,Traffic Engineer Cell (TEC),1
HAL Airport,Sanitation,1
HAL Airport,Property Tax services,1
Shankaramata,Indira Canteen,1
Shankaramata,Advertisement,1
Shakthiganapathi Nagar,Road Infrastructure,1
Sarvagna Nagar,Markets,1
Sarakki,Markets,1
Sarakki,Indira Canteen,1
Sarvagna Nagar,Property Tax services,1
Begur,Plastic,1
Begur,Markets,1
Sarvagna Nagar,Parks and Play grounds,1
Shakthiganapathi Nagar,Parks and Play grounds,1
Shakthiganapathi Nagar,Advertisement,1
Shakambari Nagar,Storm  Water Drain(SWD),1
Yeshwanthpur,Storm  Water Drain(SWD),1
Yeshwanthpur,Sanitation,1
Yeshwanthpur,Revenue Department,1
